id,prompt,annotated_json,completion_status
prompt_001,"I’m looking for a Lexus RX, AWD preferred, under $39k, with leather seats and heated steering wheel.",,
prompt_002,"Must have apple carplay, android auto, and backup camera, under $28k.",,
prompt_003,"I want a comfortable interior with useful features, but I don’t want screens or menus taking over the dashboard, under $31k.",,
prompt_004,I want an everyday vehicle that fits my life without friction.,,
prompt_005,"I’m looking for a Honda Pilot, under $40k, automatic, with third row seating and heated seats.",,
prompt_006,"I want a relaxed daily driver that doesn’t encourage spirited driving, and I’m keeping my budget below $29k.",,
prompt_007,"I want a straightforward powertrain that doesn’t complicate daily life, and I’m keeping it under $26k.",,
prompt_008,"I’m looking for a 2021+ Hyundai Sonata in the sedan category, located within 10 miles of Monterey, CA. Budget is under $22,000, with under 80,000 miles. It should be gas-powered, have a automatic transmission and RWD drivetrain. Primary use will be family use, cargo hauling, commuting, and ownership costs should stay low-cost. Must-have features include leather seats, panoramic roof; nice to have backup camera, remote start, and I want to avoid third-row seating. Preferred exterior colors are brown, silver.",,
prompt_009,"I want a car that feels current and comfortable, but I’m not chasing the latest trends or gimmicks, under $32k.",,
prompt_010,"I want something slightly taller than a sedan, so a crossover with AWD would be nice, as long as mileage stays under 85,000.",,
prompt_011,"I’m looking for a Toyota Corolla Hatchback, automatic, under $23k, with Apple CarPlay.",,
prompt_012,"Compact SUV, fuel economy medium priority, avoid third row seating, under $28k.",,
prompt_013,"I want a 2021-generation Mustang 5.0 with a manual transmission, E85 tuned, and an aftermarket exhaust. The Carfax has to come back clean and well taken care of on the service portion, no accidents.",,
prompt_014,"I’m looking for a 2013+ Mazda CX-30 in the truck category, located within 50 miles of Fort Lauderdale, FL. Budget is under $30,000, with moderate mileage. It should be hybrid-powered, have a manual transmission and 4WD drivetrain. Primary use will be commuting, family use, and ownership costs should stay luxury-acceptable. Must-have features include premium audio, third-row seating, backup camera; nice to have Apple CarPlay. Preferred exterior colors are silver.",,
prompt_015,"I’m looking for a 2013+ Honda Civic in the wagon category, located within 15 miles of Santa Barbara, CA. Budget is under $30,000, with under 80,000 miles. It should be electric-powered, have a automatic transmission and 4WD drivetrain. Primary use will be family use, and ownership costs should stay balanced. Must-have features include adaptive cruise control, premium audio; nice to have roof rack, wireless charging, third-row seating, and I want to avoid panoramic roof. Preferred exterior colors are green.",,
prompt_016,"I’m being pretty picky on specs because I plan to keep it for years. I’m looking for a 2013–2022 Lexus ES as my next hatchback within 15 miles of Henderson, NV, and I want it between $37,000 and $45,000 with under 80,000 miles; one-owner. It should be mild_hybrid with a automatic transmission and rwd drivetrain, and it needs to fit seating for 6, 3 kids, 2 pets. Primary use cases are towing, luxury, so cargo is moderate and my maintenance priority is luxury ok. Must-haves: blind spot monitoring, lane departure warning, front parking sensors, lane keep assist, adaptive cruise control. Nice-to-haves: leather seats, keyless entry, backup camera. Please avoid: apple carplay, wireless charging, premium audio. I prefer brown exterior, and I’m explicitly not shopping for suv, truck, crossover body styles.",,
prompt_017,"I want a manual car, but not a manual truck, and I want the manual to be fun but still practical.",,
prompt_018,"I want something with personality, but I want it to blend in everywhere.",,
prompt_019,"I’m being pretty picky on specs because I plan to keep it for years. I’m looking for a 2012–2023 Hyundai Tucson as my next truck within 15 miles of Spring Valley, NV, and I want it under $38,000 with under 120,000 miles; 2 owners max. It should be hybrid with a automatic transmission and fwd drivetrain, and it needs to fit seating for 4, 2 kids, 1 pet. Primary use cases are off_road, commute, cargo, so cargo is low priority and my maintenance priority is balanced. Must-haves: premium audio, leather seats, android auto. Nice-to-haves: roof rack, front parking sensors. Please avoid: keyless entry. I prefer red or gray exterior, and I’m explicitly not shopping for wagon body styles.",,
prompt_020,"I want a balanced car that’s comfortable and confident on the road, without exceeding a $30,000 budget.",,
prompt_021,"I’m shopping under $25k, but not the cheapest option available, and I want something reliable with decent features.",,
prompt_022,"I’m looking for something affordable, but not something I’ll regret buying later.",,
prompt_023,"I’m looking for a commuter car that won’t give me headaches, under about twenty-five grand, with modern tech like Apple CarPlay.",,
prompt_024,"I want a minivan that’s family focused, preferably Toyota or Honda, under $40k.",,
prompt_025,"I’m looking for a 2019+ Tesla Model 3 in the minivan category, located within 20 miles of Plano, TX. Budget is under $30,000, with moderate mileage. It should be diesel-powered, have a CVT transmission and RWD drivetrain. Primary use will be road trips, commuting, cargo hauling, and ownership costs should stay balanced. Must-have features include remote start, blind spot monitoring, backup camera, Android Auto; nice to have heated seats. Preferred exterior colors are blue, black.",,
prompt_026,"I want something that feels modern and well-equipped without being excessive. I’m looking for a 2014–2018 Chevrolet Colorado as my next sedan within 20 miles of Henderson, NV, and I want it between $15,000 and $30,000 with under 90,000 miles; no more than 3 owners. It should be plug_in_hybrid with a manual transmission and rwd drivetrain, and it needs to fit seating for 7, 2 kids, 1 pet. Primary use cases are animals, pleasure, travel, so cargo matters a lot and my maintenance priority is low cost. Must-haves: backup camera, rear parking sensors, keyless entry, android auto. Nice-to-haves: apple carplay, premium audio, adaptive cruise control. Please avoid: roof rack, built in navigation. I prefer blue or black exterior, and I’m explicitly not shopping for coupe body styles.",,
prompt_027,"I want something that handles daily needs easily, without the scale of a full-size vehicle, under $34k.",,
prompt_028,"I need something practical for everyday use, and I don’t need multiple rows of seating or family-hauler vibes, under $33k.",,
prompt_029,"Reliable sedan for commuting, automatic transmission, fuel economy is high priority, under $20,000, mileage under 90,000, prefer gray or silver.",,
prompt_030,"Sedan for rideshare use, automatic, good fuel economy, under $24k, under 100k miles, must have backup camera.",,
prompt_031,"I’m looking for a 2013+ Ford Maverick in the coupe category, located within 20 miles of Irvine, CA. Budget is under $38,000, with moderate mileage. It should be diesel-powered, have a manual transmission and RWD drivetrain. Primary use will be road trips, outdoor trips, and ownership costs should stay luxury-acceptable. Must-have features include Apple CarPlay, blind spot monitoring; nice to have remote start, tow package, and I want to avoid backup camera. Preferred exterior colors are silver, brown.",,
prompt_032,"I’m balancing budget, reliability, and comfort.",,
prompt_033,"I don’t need performance, I need something that just works, under $22k.",,
prompt_034,"I want a car that feels current inside, but also fits my budget of about $32,000.",,
prompt_035,"I want a Honda Accord Hybrid for commuting, under $29k, with low mileage.",,
prompt_036,"I want performance-first priorities, but comfort matters more than speed.",,
prompt_037,"I do a mix of commuting and traveling, which is why a crossover with good comfort matters, but I don’t want to spend more than $34k.",,
prompt_038,"I’m trying to be practical, but I do care about comfort and tech. I’m looking for a 2017–2024 Volkswagen Golf GTI as my next sedan within 10 miles of Henderson, NV, and I want it between $23,000 and $35,000 with moderate mileage; one-owner. It should be hybrid with a automatic transmission and rwd drivetrain, and it needs to fit seating for 7, no kids, no pets. Primary use cases are rideshare, commute, so cargo is moderate and my maintenance priority is performance first. Must-haves: front parking sensors, ventilated seats, roof rack. Nice-to-haves: heated seats, premium audio, panoramic roof. Please avoid: remote start, keyless entry, leather seats. I prefer gray or silver exterior, and I’m explicitly not shopping for coupe body styles.",,
prompt_039,"I want a sedan, but not a compact sedan, and I want it to feel comfortable for longer drives.",,
prompt_040,"Hatchback for city commuting, easy parking, under $21k, low mileage preferred, must have backup camera.",,
prompt_041,"I’m interested in FWD, but not something underpowered, and I still want decent acceleration.",,
prompt_042,"I’m focused on value and satisfaction, not extremes in either direction, under $30k.",,
prompt_043,"Vintage Truck Restomod Candidate: Looking for a 1970–1979 Chevy C10 short bed. Engine and transmission do not matter, as they will be replaced. The truck must have a straight body and solid cab and floors, with minimal rust. Interior condition is not important. Willing to pay up to $32,000.",,
prompt_044,"I’m looking for a daily commuter that’s easy to live with, automatic and fuel-efficient, but still newer than 2018 and under about $24,000.",,
prompt_045,"Crossover for family use, seating for at least 5, under $36k, must have blind spot monitoring.",,
prompt_046,"I want practicality, but not at the cost of comfort and quiet.",,
prompt_047,"I’m optimizing for daily usability and low hassle ownership. I’m looking for a 2015–2018 Toyota Sienna as my next truck within 20 miles of Henderson, NV, and I want it under $50,000 with under 80,000 miles; owners not a major concern. It should be plug_in_hybrid with a manual transmission and fwd drivetrain, and it needs to fit seating for 7, 1 kid, no pets. Primary use cases are travel, luxury, cargo, so cargo is moderate and my maintenance priority is low cost. Must-haves: leather seats, built in navigation, third row seating, lane departure warning, adaptive cruise control. Nice-to-haves: apple carplay, rear parking sensors, heated seats, panoramic roof. Please avoid: lane keep assist, tow package, blind spot monitoring. I prefer black exterior, and I’m explicitly not shopping for hatchback, suv, convertible body styles.",,
prompt_048,"I want something that feels modern and well-equipped without being excessive. I’m looking for a 2022–2024 BMW X3 as my next crossover and I want it between $12,000 and $22,000 with low mileage; owners not a major concern. It should be hybrid with a automatic transmission and fwd drivetrain, and it needs to fit seating for 4, 1 kid, 1 pet. Primary use cases are luxury, off_road, budget_value, so cargo is moderate and my maintenance priority is performance first. Must-haves: heated steering wheel, lane departure warning, backup camera, apple carplay. Nice-to-haves: keyless entry, memory seats, heated seats. Please avoid: lane keep assist. I prefer silver or brown exterior, and I’m explicitly not shopping for suv, convertible body styles.",,
prompt_049,"I’m optimizing for daily usability and low hassle ownership. I’m looking for a 2013–2017 Kia Sportage as my next minivan and I want it between $32,000 and $38,000 with under 120,000 miles; owners not a major concern. It should be electric with a dual_clutch transmission and fwd drivetrain, and it needs to fit seating for 8, 2 kids, no pets. Primary use cases are travel, work, family, so I need fold-flat rear seats and my maintenance priority is balanced. Must-haves: remote start, sunroof, rear parking sensors, tow package. Nice-to-haves: memory seats, built in navigation, android auto. Please avoid: lane departure warning. I prefer silver or blue exterior, and I’m explicitly not shopping for hatchback, sedan, coupe body styles.",,
prompt_050,"I’m drawn to vehicles with thoughtful interior features, as long as they stay under $34k.",,
prompt_051,"I want something versatile and comfortable, with enough space for travel, but not something that feels oversized or expensive.",,
prompt_052,I want a truck that balances work usefulness with everyday comfort.,,
prompt_053,"I want a Toyota Highlander, 2019 or newer, under $38k, with third row seating and blind spot monitoring.",,
prompt_054,I’m looking for a vehicle that can seat at least five comfortably and still carry bags and gear.,,
prompt_055,"I’m interested in a Subaru Outback for commuting, under $32k.",,
prompt_056,I want to stick with gas power for now because it feels simpler to me.,,
prompt_057,I want efficiency benefits without behavioral changes.,,
prompt_058,I want a sedan under $30k with blind spot monitoring but adaptive cruise isn’t necessary.,,
prompt_059,"I’m trying to be practical, but I do care about comfort and tech. I’m looking for a 2020–2024 Toyota Sienna as my next crossover and I want it between $12,000 and $22,000 with under 40,000 miles; owners not a major concern. It should be gas with a dual_clutch transmission and awd drivetrain, and it needs to fit seating for 7, 3 kids, 1 pet. Primary use cases are cargo, pleasure, family, so cargo is low priority and my maintenance priority is low cost. Must-haves: adaptive cruise control, third row seating, blind spot monitoring, sunroof, leather seats. Nice-to-haves: lane keep assist, backup camera. Please avoid: memory seats. I prefer brown or red exterior, and I’m explicitly not shopping for hatchback, convertible body styles.",,
prompt_060,"I want flexibility for hauling gear occasionally, but I still want good fuel economy, so I’m aiming for something under $29,000.",,
prompt_061,"I occasionally need to haul things for home projects, so a light-duty truck under $31k would be useful.",,
prompt_062,"I want a luxury-feeling interior with leather and premium audio, but I don’t want luxury-level ownership costs and I need to stay under $28k.",,
prompt_063,"I want a car that fits into everyday life quietly, without standing out, and I’m staying under $30k.",,
prompt_064,"I’m searching for a Chevrolet Colorado, automatic, under $32k, with heated seats and tow package, but not a full-size truck.",,
prompt_065,"I’m prioritizing features that make everyday driving easier. I’m looking for a 2012–2016 Toyota RAV4 as my next hatchback within 20 miles of Summerlin (Las Vegas), and I want it under $28,000 with under 70,000 miles; one-owner. It should be hybrid with a automatic transmission and 4wd drivetrain, and it needs to fit seating for 5, no kids, 2 pets. Primary use cases are luxury, travel, so cargo is low priority and my maintenance priority is luxury ok. Must-haves: wireless charging, remote start, built in navigation. Nice-to-haves: heated seats, keyless entry, memory seats, backup camera. Please avoid: ventilated seats, lane keep assist, tow package. I prefer white exterior, and I’m explicitly not shopping for convertible body styles.",,
prompt_066,"Wagon or hatchback only, no SUVs, under $27k, must have Android Auto and heated seats.",,
prompt_067,"Family SUV with seating for at least 6, third row required, under $42k.",,
prompt_068,"I’m interested in a CR-V for family use, under $32k, but cargo space matters more than safety tech.",,
prompt_069,"I want something current, but not something that will age poorly.",,
prompt_070,"I’m trying to make a smart purchase that balances needs and budget, under $30k.",,
prompt_071,"I want a vehicle that feels sensible and easy to maintain, without chasing premium badges, and my budget is about $28k.",,
prompt_072,"Hybrid sedan for commuting, fuel economy high priority, under $30k.",,
prompt_073,"I’m optimizing for daily usability and low hassle ownership. I’m looking for a 2018–2024 Ford Maverick as my next sedan within 30 miles of North Las Vegas, NV, and I want it under $32,000 with under 90,000 miles; no more than 3 owners. It should be plug_in_hybrid with a manual transmission and rwd drivetrain, and it needs to fit seating for 4, no kids, no pets. Primary use cases are rideshare, travel, so cargo is low priority and my maintenance priority is balanced. Must-haves: apple carplay, lane departure warning, wireless charging, leather seats. Nice-to-haves: android auto, lane keep assist. Please avoid: premium audio. I prefer silver or black exterior, and I’m explicitly not shopping for crossover body styles.",,
prompt_074,"I’m looking for a 2013+ Ford Maverick in the wagon category, located within 30 miles of Phoenix, AZ. Budget is under $25,000, with under 60,000 miles. It should be gas-powered, have a dual-clutch transmission and RWD drivetrain. Primary use will be commuting, cargo hauling, family use, and ownership costs should stay performance-oriented. Must-have features include adaptive cruise control, remote start, third-row seating; nice to have sunroof. Preferred exterior colors are brown.",,
prompt_075,"Hatchback for animals and cargo, fold-flat seats required, under $25k.",,
prompt_076,"Truck for work light use, tow package required, under $35k.",,
prompt_077,"I want a sedan that’s very aerodynamic and efficient, but I also want it to have a bold, aggressive design.",,
prompt_078,"I’m looking for a wagon or hatchback, but not an SUV, and cargo flexibility matters to me.",,
prompt_079,I’m considering a minivan because space and practicality matter more than image.,,
prompt_080,"Family vehicle for two kids, cargo priority high, under $35k.",,
prompt_081,"I’m looking for a 2014+ Toyota Highlander in the suv category, located within 15 miles of Austin, TX. Budget is under $25,000, with under 80,000 miles. It should be diesel-powered, have a dual-clutch transmission and FWD drivetrain. Primary use will be commuting, family use, and ownership costs should stay luxury-acceptable. Must-have features include panoramic roof, tow package, roof rack, third-row seating; nice to have Android Auto, sunroof, heated seats, and I want to avoid leather seats. Preferred exterior colors are gray, silver.",,
prompt_082,"I want lots of convenience tech, but I don’t want tech-related failures.",,
prompt_083,"I want something that’s easy on maintenance and ownership, without being stripped down to the basics, under $28k.",,
prompt_084,"I’m being pretty picky on specs because I plan to keep it for years. I’m looking for a 2017–2018 Audi Q5 as my next coupe and I want it between $22,000 and $28,000 with does not matter mileage; 2 owners max. It should be plug_in_hybrid with a cvt transmission and 4wd drivetrain, and it needs to fit seating for 8, 1 kid, no pets. Primary use cases are pleasure, luxury, off_road, so I want hatch access for loading and my maintenance priority is low cost. Must-haves: panoramic roof, roof rack, adaptive cruise control, lane departure warning, backup camera. Nice-to-haves: leather seats, heated steering wheel, rear parking sensors, ventilated seats. Please avoid: wireless charging. I prefer blue exterior, and I’m explicitly not shopping for minivan, crossover body styles.",,
prompt_085,"I like the idea of having some extra cargo space for trips, so a hatchback or small wagon under $27k makes a lot of sense to me.",,
prompt_086,"I’m interested in a hybrid that saves fuel, but I still want it to feel fast and exciting to drive.",,
prompt_087,"I’m looking for a 2017+ Nissan Rogue in the crossover category, located within 15 miles of Albuquerque, NM. Budget is under $28,000, with low mileage. It should be plug-in hybrid-powered, have a automatic transmission and 4WD drivetrain. Primary use will be family use, commuting, and ownership costs should stay performance-oriented. Must-have features include blind spot monitoring, premium audio, third-row seating, Apple CarPlay; nice to have Android Auto, and I want to avoid leather seats. Preferred exterior colors are white.",,
prompt_088,"I do a mix of city driving and trips, so a crossover under $36k with decent comfort sounds right.",,
prompt_089,Searching for a gently used crossover with modern safety features like blind-spot monitoring and adaptive cruise control.,,
prompt_090,"I’m optimizing for daily usability and low hassle ownership. I’m looking for a 2021–2023 Honda Pilot as my next hatchback and I want it between $28,000 and $38,000 with under 90,000 miles; no more than 3 owners. It should be plug_in_hybrid with a dual_clutch transmission and awd drivetrain, and it needs to fit seating for 8, no kids, no pets. Primary use cases are animals, cargo, work, so cargo matters a lot and my maintenance priority is luxury ok. Must-haves: sunroof, apple carplay, built in navigation, panoramic roof. Nice-to-haves: backup camera, premium audio, front parking sensors, lane keep assist. Please avoid: wireless charging, heated seats, ventilated seats. I prefer blue exterior, and I’m explicitly not shopping for wagon, convertible body styles.",,
prompt_091,I want off-road capability without any off-road downsides.,,
prompt_092,"I’m interested in a Subaru Outback for travel, under $32k.",,
prompt_093,Best value vehicle you’d recommend under $30k.,,
prompt_094,"I want a Toyota Camry SE, automatic, under $28k, preferably in black, with blind spot monitoring.",,
prompt_095,Looking for a hybrid vehicle to help reduce fuel costs. It should be mechanically sound and suitable for everyday commuting.,,
prompt_096,I really want modern features like CarPlay and safety tech because that makes daily driving nicer.,,
prompt_097,"I’m looking for a 2015+ Tesla Model 3 in the wagon category, located within 40 miles of San Luis Obispo, CA. Budget is under $25,000, with under 100,000 miles. It should be diesel-powered, have a automatic transmission and RWD drivetrain. Primary use will be commuting, road trips, outdoor trips, and ownership costs should stay performance-oriented. Must-have features include Android Auto, heated seats; nice to have premium audio, tow package, roof rack, and I want to avoid backup camera. Preferred exterior colors are white.",,
prompt_098,"I’m okay with average performance if the car is comfortable and reliable, under $28k.",,
prompt_099,"I want Apple CarPlay and Android Auto, but not a cluttered infotainment system.",,
prompt_100,"I’m trying to be practical, but I do care about comfort and tech. I’m looking for a 2019–2020 Ford Escape as my next truck and I want it between $20,000 and $35,000 with very high mileage; no more than 3 owners. It should be plug_in_hybrid with a automatic transmission and 4wd drivetrain, and it needs to fit seating for 6, 3 kids, 2 pets. Primary use cases are luxury, off_road, budget_value, so cargo matters a lot and my maintenance priority is balanced. Must-haves: android auto, built in navigation, memory seats. Nice-to-haves: third row seating, apple carplay. Please avoid: remote start, wireless charging. I prefer green exterior, and I’m explicitly not shopping for minivan, convertible, wagon body styles.",,
prompt_101,"I’m looking for a 2019+ Tesla Model Y in the coupe category, located within 15 miles of Phoenix, AZ. Budget is under $38,000, with moderate mileage. It should be plug-in hybrid-powered, have a dual-clutch transmission and AWD drivetrain. Primary use will be outdoor trips, family use, commuting, and ownership costs should stay luxury-acceptable. Must-have features include wireless charging, premium audio, roof rack, Apple CarPlay; nice to have remote start. Preferred exterior colors are gray, black.",,
prompt_102,"I want a car that encourages spirited driving, but I also want it to discourage risky behavior.",,
prompt_103,"I’m looking for a 2013+ Mazda CX-30 in the truck category, located within 50 miles of Sacramento, CA. Budget is under $22,000, with low mileage. It should be hybrid-powered, have a dual-clutch transmission and 4WD drivetrain. Primary use will be family use, and ownership costs should stay luxury-acceptable. Must-have features include premium audio, wireless charging, heated seats; nice to have sunroof, remote start, tow package. Preferred exterior colors are black.",,
prompt_104,"I do occasional road trips and haul gear sometimes, which is why cargo flexibility matters, but I still want to stay under $28,000.",,
prompt_105,"I’m looking for a 2016+ Tesla Model Y in the hatchback category, located within 20 miles of Rapid City, SD. Budget is under $38,000, with low mileage. It should be diesel-powered, have a CVT transmission and FWD drivetrain. Primary use will be commuting, and ownership costs should stay balanced. Must-have features include premium audio, third-row seating, sunroof, panoramic roof; nice to have blind spot monitoring. Preferred exterior colors are red, blue.",,
prompt_106,"I want a Mazda3 sedan, automatic, under $24k, with Android Auto and heated seats.",,
prompt_107,"Coupe with dual clutch transmission, under $42k.",,
prompt_108,Looking for a smaller pickup that's easy to drive daily but still useful for hauling bikes or outdoor gear on weekends.,,
prompt_109,"I want a Mazda3 hatchback, automatic, under $24k, with Android Auto and heated seats.",,
prompt_110,"I want a compact car that’s small and easy to park, but I also need lots of cargo space for trips.",,
prompt_111,"Wireless charging and keyless entry required, under $30k.",,
prompt_112,"I’m trying to be practical, but I do care about comfort and tech. I’m looking for a 2022–2024 Subaru Crosstrek as my next minivan within 20 miles of North Las Vegas, NV, and I want it between $18,000 and $30,000 with under 70,000 miles; one-owner. It should be gas with a dual_clutch transmission and rwd drivetrain, and it needs to fit seating for 5, 1 kid, 1 pet. Primary use cases are off_road, commute, so cargo is moderate and my maintenance priority is balanced. Must-haves: lane keep assist, panoramic roof, wireless charging, roof rack. Nice-to-haves: memory seats, blind spot monitoring, apple carplay. Please avoid: heated steering wheel, rear parking sensors, leather seats. I prefer brown exterior, and I’m explicitly not shopping for truck, sedan, hatchback body styles.",,
prompt_113,"I'm looking for a 2025 Lamborghini Revuelto, Verde Turbine Green, 0 miles, preferably with transport protection still intact.",,
prompt_114,"Performance Tuner Platform: Searching for a 2018–2021 Honda Civic Type R in good mechanical condition. Clean title required with no major accidents. Interior condition can be basic. Budget up to $35,000.",,
prompt_115,"I’m being pretty picky on specs because I plan to keep it for years. I’m looking for a 2018–2025 Subaru Crosstrek as my next minivan and I want it under $20,000 with very low mileage; owners not a major concern. It should be hybrid with a manual transmission and fwd drivetrain, and it needs to fit seating for 8, 1 kid, no pets. Primary use cases are budget_value, cargo, rideshare, so I want hatch access for loading and my maintenance priority is performance first. Must-haves: remote start, rear parking sensors, backup camera, heated steering wheel, roof rack. Nice-to-haves: keyless entry, wireless charging, panoramic roof. Please avoid: built in navigation, lane keep assist, apple carplay. I prefer gray or black exterior, and I’m explicitly not shopping for suv, wagon body styles.",,
prompt_116,"I’m looking for a 2020+ Lexus RX in the coupe category, located within 10 miles of Nashville, TN. Budget is under $25,000, with under 100,000 miles. It should be electric-powered, have a CVT transmission and 4WD drivetrain. Primary use will be city driving, family use, and ownership costs should stay luxury-acceptable. Must-have features include panoramic roof, heated steering wheel, wireless charging, remote start; nice to have premium audio. Preferred exterior colors are white, blue.",,
prompt_117,"I’m looking for a 2017+ Tesla Model Y in the crossover category, located within 15 miles of Cleveland, OH. Budget is under $25,000, with moderate mileage. It should be diesel-powered, have a manual transmission and AWD drivetrain. Primary use will be outdoor trips, commuting, and ownership costs should stay balanced. Must-have features include premium audio, panoramic roof, sunroof, heated seats; nice to have blind spot monitoring, and I want to avoid adaptive cruise control. Preferred exterior colors are silver.",,
prompt_118,"I’m prioritizing features that make everyday driving easier. I’m looking for a 2020–2024 Mazda Mazda3 as my next crossover and I want it between $22,000 and $28,000 with low mileage; no more than 3 owners. It should be gas with a cvt transmission and 4wd drivetrain, and it needs to fit seating for 7, 2 kids, 1 pet. Primary use cases are work, luxury, family, so I need fold-flat rear seats and my maintenance priority is luxury ok. Must-haves: apple carplay, keyless entry, adaptive cruise control, remote start. Nice-to-haves: leather seats, blind spot monitoring, built in navigation, lane departure warning. Please avoid: roof rack, wireless charging. I prefer red exterior, and I’m explicitly not shopping for hatchback, suv, coupe body styles.",,
prompt_119,"I’m being pretty picky on specs because I plan to keep it for years. I’m looking for a 2017–2020 Lexus RX as my next convertible within 10 miles of Henderson, NV, and I want it between $28,000 and $40,000 with very high mileage; owners not a major concern. It should be gas with a manual transmission and fwd drivetrain, and it needs to fit seating for 8, no kids, 2 pets. Primary use cases are work, animals, travel, so I want hatch access for loading and my maintenance priority is balanced. Must-haves: adaptive cruise control, sunroof, third row seating, keyless entry. Nice-to-haves: tow package, front parking sensors, wireless charging, ventilated seats. Please avoid: lane departure warning, backup camera. I prefer gray or green exterior, and I’m explicitly not shopping for hatchback body styles.",,
prompt_120,"I’m interested in a hybrid because fuel costs add up for me, and if I can find one under $30k with decent mileage, that would be ideal.",,
prompt_121,"I’m looking for a 2016+ Volkswagen Tiguan in the coupe category, located within 40 miles of Durham, NC. Budget is under $22,000, with under 80,000 miles. It should be gas-powered, have a dual-clutch transmission and RWD drivetrain. Primary use will be outdoor trips, pets, and ownership costs should stay luxury-acceptable. Must-have features include blind spot monitoring, heated seats; nice to have heated steering wheel, leather seats, tow package. Preferred exterior colors are blue, red.",,
prompt_122,"I want a Toyota Venza Hybrid, under $35k, with leather seats and premium audio.",,
prompt_123,"I want logic to guide my purchase, but I want to love the car emotionally.",,
prompt_124,"I’m looking for a 2017+ Mazda Mazda3 in the minivan category, located within 20 miles of Carson City, NV. Budget is under $30,000, with under 80,000 miles. It should be electric-powered, have a manual transmission and FWD drivetrain. Primary use will be road trips, and ownership costs should stay balanced. Must-have features include sunroof, wireless charging, adaptive cruise control; nice to have panoramic roof. Preferred exterior colors are blue.",,
prompt_125,I'm in the market for a compact car with low mileage that's easy to park and inexpensive to maintain. Automatic transmission preferred.,,
prompt_126,"I’m being pretty picky on specs because I plan to keep it for years. I’m looking for a 2012–2016 Nissan Rogue as my next minivan and I want it between $14,000 and $22,000 with does not matter mileage; owners not a major concern. It should be gas with a dual_clutch transmission and fwd drivetrain, and it needs to fit seating for 4, 1 kid, no pets. Primary use cases are pleasure, cargo, so I want hatch access for loading and my maintenance priority is low cost. Must-haves: adaptive cruise control, ventilated seats, panoramic roof. Nice-to-haves: tow package, third row seating. Please avoid: lane departure warning, remote start. I prefer gray exterior, and I’m explicitly not shopping for sedan, coupe body styles.",,
prompt_127,"Classic European Sports Car Restoration: Looking for a 1960s–1970s Porsche 911 or Jaguar E-Type. Engine and transmission condition are flexible, as a full restoration is planned. A straight chassis and minimal rust are essential. Interior condition is not a priority. Budget up to $60,000.",,
prompt_128,I want a car that feels well-rounded and easy to enjoy every day.,,
prompt_129,"I want something that ages well, but I don’t care about long-term wear.",,
prompt_130,"I want something practical for commuting and errands, but I don’t need extra rows of seats or massive cargo space, and I’d like it under $30k.",,
prompt_131,"Luxury Performance Daily Driver: In the market for a 2016–2019 BMW M3 or M4. Clean title required, with no major accidents. Prefer stock or lightly modified examples with full service records. Interior should be clean and well-kept. Exterior color flexible. Budget up to $55,000.",,
prompt_132,"Practical hatchback, automatic, budget value focus, under $18k, avoid leather seats.",,
prompt_133,"I’m focused on comfort and efficiency, not speed or excitement, and I want to stay under $26k.",,
prompt_134,"Under $25k, year 2018+, under 80k miles.",,
prompt_135,"I’m looking for a Kia Niro Hybrid, under $30k, with modern tech.",,
prompt_136,I want a vehicle that feels modern and comfortable without being luxurious.,,
prompt_137,"I want enough space for groceries and trips, but I’m not trying to move furniture regularly, with a budget of $31k.",,
prompt_138,"I’m prioritizing features that make everyday driving easier. I’m looking for a 2012–2020 Chevrolet Silverado 1500 as my next minivan and I want it between $27,000 and $35,000 with under 100,000 miles; no more than 3 owners. It should be electric with a automatic transmission and fwd drivetrain, and it needs to fit seating for 5, no kids, no pets. Primary use cases are luxury, pleasure, travel, so cargo is moderate and my maintenance priority is performance first. Must-haves: tow package, wireless charging, roof rack, leather seats. Nice-to-haves: rear parking sensors, heated seats. Please avoid: memory seats, apple carplay, remote start. I prefer black or brown exterior, and I’m explicitly not shopping for crossover, wagon, coupe body styles.",,
prompt_139,I want a fun car that never tempts me to drive aggressively.,,
prompt_140,"I want lots of advanced features, but I don’t want the car to feel complicated or distracting.",,
prompt_141,"I’m looking for a 2022+ Subaru Outback in the crossover category, located within 15 miles of Los Angeles, CA. Budget is under $25,000, with under 100,000 miles. It should be electric-powered, have a dual-clutch transmission and FWD drivetrain. Primary use will be cargo hauling, and ownership costs should stay luxury-acceptable. Must-have features include adaptive cruise control, leather seats; nice to have heated steering wheel. Preferred exterior colors are white, black.",,
prompt_142,"I want a crossover that feels comfortable for travel, but not a large SUV, and I need AWD with a budget under $34,000.",,
prompt_143,"I’m looking for a dependable Japanese sedan, like a Camry or Accord, automatic, under $28k, with modern safety features.",,
prompt_144,"Sporty hatchback, under $30k, low mileage preferred.",,
prompt_145,"I want something that feels like a smart decision, not an impulse buy.",,
prompt_146,"I want a CR-V, but not one with a third row, and it needs to be comfortable for travel.",,
prompt_147,"I want a Honda Civic, under $25k, preferably in blue, with Apple CarPlay.",,
prompt_148,"I’m looking for a truck that’s rugged and off-road capable, but I’ll mostly be driving it in the city.",,
prompt_149,"I want a 2019 Honda Accord, automatic, under $26k, with adaptive cruise control but Android Auto instead.",,
prompt_150,"I’m being pretty picky on specs because I plan to keep it for years. I’m looking for a 2015–2016 Hyundai Tucson as my next convertible within 10 miles of Spring Valley, NV, and I want it under $38,000 with under 50,000 miles; no more than 3 owners. It should be hybrid with a cvt transmission and 4wd drivetrain, and it needs to fit seating for 5, 2 kids, no pets. Primary use cases are cargo, family, work, so cargo is moderate and my maintenance priority is low cost. Must-haves: rear parking sensors, tow package, sunroof. Nice-to-haves: memory seats, android auto, keyless entry, blind spot monitoring. Please avoid: apple carplay, backup camera, ventilated seats. I prefer green exterior, and I’m explicitly not shopping for hatchback, coupe, crossover body styles.",,
prompt_151,"I want something that feels modern and well-equipped without being excessive. I’m looking for a 2015–2025 Volkswagen Golf GTI as my next truck and I want it under $28,000 with under 60,000 miles; no more than 3 owners. It should be mild_hybrid with a dual_clutch transmission and 4wd drivetrain, and it needs to fit seating for 5, 3 kids, 1 pet. Primary use cases are rideshare, commute, travel, so cargo matters a lot and my maintenance priority is luxury ok. Must-haves: ventilated seats, lane keep assist, premium audio, apple carplay, blind spot monitoring. Nice-to-haves: leather seats, front parking sensors, heated steering wheel. Please avoid: roof rack, android auto. I prefer black or blue exterior, and I’m explicitly not shopping for coupe body styles.",,
prompt_152,"I’m being pretty picky on specs because I plan to keep it for years. I’m looking for a 2017–2024 Toyota RAV4 as my next suv within 30 miles of Spring Valley, NV, and I want it between $39,000 and $45,000 with under 40,000 miles; owners not a major concern. It should be plug_in_hybrid with a automatic transmission and fwd drivetrain, and it needs to fit seating for 6, no kids, no pets. Primary use cases are family, work, budget_value, so cargo is low priority and my maintenance priority is low cost. Must-haves: remote start, heated seats, android auto, blind spot monitoring, lane departure warning. Nice-to-haves: lane keep assist, built in navigation. Please avoid: heated steering wheel, ventilated seats, third row seating. I prefer gray exterior, and I’m explicitly not shopping for hatchback body styles.",,
prompt_153,"I want heated seats, but not heated seats bundled into a luxury package that drives up costs.",,
prompt_154,"I want something that supports everyday travel, without extra work-oriented capability, under $30k.",,
prompt_155,"I’m looking for a 2019+ Nissan Leaf in the suv category, located within 30 miles of Fort Lauderdale, FL. Budget is under $38,000, with moderate mileage. It should be diesel-powered, have a dual-clutch transmission and RWD drivetrain. Primary use will be pets, and ownership costs should stay low-cost. Must-have features include roof rack, adaptive cruise control; nice to have Apple CarPlay, leather seats, heated seats, and I want to avoid premium audio. Preferred exterior colors are gray, green.",,
prompt_156,"I mostly commute during the week and do errands on weekends, so I’m looking for a reliable sedan with good fuel economy, preferably automatic, and I’d like to keep the budget under $22,000.",,
prompt_157,"Searching for a well-maintained minivan with seating for at least seven people. Entertainment features are a plus, but reliability is the priority.",,
prompt_158,"I want something cheap to buy, but expensive-feeling to own.",,
prompt_159,"I’m trying to stay under a strict budget, and even though I want reliability, I don’t want to exceed $18,000.",,
prompt_160,"I need a family vehicle that’s comfortable for longer trips, which is why I’m thinking SUV or minivan under $42,000.",,
prompt_161,"I’m looking for a RAV4 Hybrid, under $34k, but Apple CarPlay isn’t required.",,
prompt_162,"I’m looking for a 2014+ Toyota Camry in the crossover category, located within 25 miles of Somerville, MA. Budget is under $25,000, with moderate mileage. It should be hybrid-powered, have a dual-clutch transmission and FWD drivetrain. Primary use will be cargo hauling, road trips, outdoor trips, and ownership costs should stay low-cost. Must-have features include Apple CarPlay, tow package, premium audio; nice to have leather seats, wireless charging, remote start, and I want to avoid panoramic roof, heated steering wheel. Preferred exterior colors are black.",,
prompt_163,"I want a truck, but not a heavy-duty truck, and it’s only for light weekend work.",,
prompt_164,I think a crossover fits my needs best since I want flexibility without sacrificing fuel economy too much.,,
prompt_165,"I want something that feels modern and well-equipped without being excessive. I’m looking for a 2020–2024 Chevrolet Bolt EV as my next crossover and I want it between $20,000 and $35,000 with under 30,000 miles; owners not a major concern. It should be electric with a dual_clutch transmission and 4wd drivetrain, and it needs to fit seating for 5, 1 kid, no pets. Primary use cases are rideshare, animals, so cargo matters a lot and my maintenance priority is low cost. Must-haves: heated steering wheel, heated seats, leather seats. Nice-to-haves: adaptive cruise control, android auto. Please avoid: blind spot monitoring, built in navigation. I prefer silver exterior, and I’m explicitly not shopping for truck, hatchback, coupe body styles.",,
prompt_166,"I’m trying to be practical, but I do care about comfort and tech. I’m looking for a 2014–2020 Chevrolet Camaro as my next sedan within 40 miles of North Las Vegas, NV, and I want it between $22,000 and $32,000 with under 70,000 miles; one-owner. It should be gas with a cvt transmission and awd drivetrain, and it needs to fit seating for 7, 2 kids, 1 pet. Primary use cases are family, cargo, budget_value, so cargo matters a lot and my maintenance priority is performance first. Must-haves: backup camera, adaptive cruise control, third row seating, panoramic roof. Nice-to-haves: ventilated seats, tow package, heated steering wheel, blind spot monitoring. Please avoid: apple carplay, sunroof. I prefer brown exterior, and I’m explicitly not shopping for wagon, crossover, suv body styles.",,
prompt_167,"Under $40k, performance first priority.",,
prompt_168,"I want rugged styling and capability, but I want a smooth and quiet ride.",,
prompt_169,"I’m interested in a Camry Hybrid, under $30k, with good fuel economy and modern safety tech.",,
prompt_170,"Electric crossover, under $40k, mileage does not matter.",,
prompt_171,"I’m looking for a Toyota Prius, under $27k, with low mileage and Apple CarPlay.",,
prompt_172,"I’m looking for something with extremely low mileage, but I don’t care how old it is.",,
prompt_173,"I’m trying to be practical, but I do care about comfort and tech. I’m looking for a 2019–2025 Audi A4 as my next hatchback within 40 miles of Spring Valley, NV, and I want it under $30,000 with under 90,000 miles; owners not a major concern. It should be gas with a cvt transmission and 4wd drivetrain, and it needs to fit seating for 6, 3 kids, 2 pets. Primary use cases are family, luxury, so cargo is moderate and my maintenance priority is luxury ok. Must-haves: adaptive cruise control, tow package, front parking sensors, blind spot monitoring, heated seats. Nice-to-haves: wireless charging, panoramic roof, third row seating, lane departure warning. Please avoid: roof rack. I prefer blue exterior, and I’m explicitly not shopping for truck, crossover, coupe body styles.",,
prompt_174,"I like the idea of electric for commuting, but I want to keep the price under $35k.",,
prompt_175,"I’m prioritizing features that make everyday driving easier. I’m looking for a 2012–2024 Lexus RX as my next crossover and I want it under $35,000 with very low mileage; 2 owners max. It should be gas with a manual transmission and 4wd drivetrain, and it needs to fit seating for 2, 1 kid, 2 pets. Primary use cases are commute, off_road, luxury, so I need fold-flat rear seats and my maintenance priority is luxury ok. Must-haves: lane keep assist, apple carplay, wireless charging, memory seats, panoramic roof. Nice-to-haves: leather seats, adaptive cruise control, tow package. Please avoid: third row seating, heated seats, roof rack. I prefer red or silver exterior, and I’m explicitly not shopping for minivan body styles.",,
prompt_176,"I’m searching for a Honda CR-V, preferably AWD, under $29,000, automatic, with heated seats and backup camera as must-haves.",,
prompt_177,"I’m not super picky, I just want something that works well overall.",,
prompt_178,"I’m interested in a Subaru Forester, AWD, under $30k, with heated seats and roof rack.",,
prompt_179,"I’m being pretty picky on specs because I plan to keep it for years. I’m looking for a 2015–2019 Ford Maverick as my next crossover within 50 miles of Spring Valley, NV, and I want it between $39,000 and $45,000 with under 70,000 miles; owners not a major concern. It should be plug_in_hybrid with a automatic transmission and rwd drivetrain, and it needs to fit seating for 8, no kids, no pets. Primary use cases are pleasure, family, travel, so I need fold-flat rear seats and my maintenance priority is performance first. Must-haves: apple carplay, android auto, rear parking sensors, heated steering wheel, keyless entry. Nice-to-haves: third row seating, premium audio, roof rack. Please avoid: wireless charging, front parking sensors. I prefer gray or green exterior, and I’m explicitly not shopping for suv, coupe, sedan body styles.",,
prompt_180,"I’m interested in a low-profile vehicle that just works, under $27k.",,
prompt_181,"I want a modern-feeling car, but not overloaded with gimmicks.",,
prompt_182,Show me good all-around options under $35k with reasonable mileage.,,
prompt_183,"I want a Ford, but not a Ford Fiesta, preferably a sedan or small crossover with Apple CarPlay and a budget under $27k.",,
prompt_184,"I’m looking for a familiar driving experience, without changing how I refuel or plan trips, and I want to stay under $28k.",,
prompt_185,"Sedan with strong performance but still practical, under $36k.",,
prompt_186,"I care more about usability than style, so a hatchback or wagon makes the most sense to me.",,
prompt_187,"I want a Toyota Tacoma, automatic, under $34k, with 4WD but no tow package.",,
prompt_188,"I’m being pretty picky on specs because I plan to keep it for years. I’m looking for a 2022–2024 Toyota Prius as my next hatchback within 25 miles of North Las Vegas, NV, and I want it under $30,000 with moderate mileage; owners not a major concern. It should be plug_in_hybrid with a cvt transmission and 4wd drivetrain, and it needs to fit seating for 6, 2 kids, 2 pets. Primary use cases are travel, family, so cargo is moderate and my maintenance priority is low cost. Must-haves: apple carplay, adaptive cruise control, panoramic roof. Nice-to-haves: third row seating, rear parking sensors, remote start, wireless charging. Please avoid: front parking sensors, blind spot monitoring, sunroof. I prefer silver or black exterior, and I’m explicitly not shopping for coupe, crossover body styles.",,
prompt_189,"Convertible, gas powertrain, under $35k.",,
prompt_190,"Commuter sedan for city driving, small footprint, mileage does not matter much, under $18k, must have Android Auto.",,
prompt_191,"I want a Toyota Venza Hybrid, under $35k, with cloth seats but premium audio.",,
prompt_192,I want a practical hatchback that’s good on gas and easy to live with day to day.,,
prompt_193,"I want a smart purchase, not an impulse buy, and my cap is around $28k.",,
prompt_194,"I’m trying to balance budget and comfort, and I want to stay under $30k while getting good features.",,
prompt_195,"I’m looking for an SUV-style vehicle that’s easy to drive daily, and I don’t want to go beyond $35k.",,
prompt_196,"I want a hybrid that prioritizes efficiency, but I don’t want to think about efficiency at all.",,
prompt_197,"I’m prioritizing features that make everyday driving easier. I’m looking for a 2014–2017 Jeep Grand Cherokee as my next crossover within 40 miles of Spring Valley, NV, and I want it between $8,000 and $15,000 with does not matter mileage; 2 owners max. It should be gas with a dual_clutch transmission and fwd drivetrain, and it needs to fit seating for 8, no kids, 2 pets. Primary use cases are off_road, budget_value, commute, so I need fold-flat rear seats and my maintenance priority is performance first. Must-haves: wireless charging, keyless entry, sunroof, heated seats, front parking sensors. Nice-to-haves: lane departure warning, blind spot monitoring. Please avoid: ventilated seats. I prefer blue or brown exterior, and I’m explicitly not shopping for coupe body styles.",,
prompt_198,"I want useful features, not gimmicks.",,
prompt_199,"I’m looking for a daily driver, but not something generic or forgettable.",,
prompt_200,"I’m searching for a Kia Telluride, under $42k, with third row seating, blind spot monitoring, and Apple CarPlay.",,
prompt_201,"Convertible for weekend fun, under $38k, prefer blue or red.",,
prompt_202,I want a car that makes sense financially and practically.,,
prompt_203,I’m looking for an all-wheel drive vehicle that still feels lightweight and nimble like a small sedan.,,
prompt_204,"JDM Enthusiast Build: Looking for a 1995–2002 Nissan Skyline R33 or R34 that is imported and titled. Engine condition is not critical, but the chassis must be straight and rust-free. Manual transmission strongly preferred. Interior condition not important. Budget up to $90,000 depending on trim and condition.",,
prompt_205,"I want a Toyota Sienna minivan, under $40k, with seating for seven and rear parking sensors.",,
prompt_206,"I’m looking for a Toyota 4Runner, under $42k, with 4WD and off-road capability.",,
prompt_207,"I want a Mazda3, but not the sedan, and I’m looking for the hatchback under $24k.",,
prompt_208,"I’m prioritizing features that make everyday driving easier. I’m looking for a 2021 Toyota Highlander as my next wagon within 30 miles of Spring Valley, NV, and I want it under $45,000 with under 60,000 miles; owners not a major concern. It should be diesel with a automatic transmission and 4wd drivetrain, and it needs to fit seating for 7, 1 kid, 2 pets. Primary use cases are pleasure, towing, off_road, so I want hatch access for loading and my maintenance priority is low cost. Must-haves: android auto, ventilated seats, rear parking sensors. Nice-to-haves: adaptive cruise control, built in navigation, premium audio. Please avoid: blind spot monitoring. I prefer silver or black exterior, and I’m explicitly not shopping for sedan, convertible, truck body styles.",,
prompt_209,"I want a vehicle that’s excellent for long road trips, but I rarely drive more than a few miles at a time.",,
prompt_210,"I want a car with strong acceleration, but I don’t want it to feel fast or aggressive.",,
prompt_211,"I want a Subaru WRX, manual preferred but automatic acceptable, under $36k, with AWD and performance focus.",,
prompt_212,"I'm looking for a 1969 Mustang Boss 429, grabber orange paint, fully functional shaker hood scoop, and pony car interior. Doesn't have to be perfect, but a very high-quality build.",,
prompt_213,"I want a unique and interesting car, but I also want proven long-term reliability.",,
prompt_214,"Looking for a comfortable daily driver with good tech, under $30k.",,
prompt_215,"Daily driver sedan, gas powertrain, low maintenance priority, under 80k miles, year 2017+, prefer black.",,
prompt_216,"I want something that feels modern and well-equipped without being excessive. I’m looking for a 2016–2020 BMW 3 Series as my next hatchback and I want it under $45,000 with under 60,000 miles; 2 owners max. It should be hybrid with a automatic transmission and rwd drivetrain, and it needs to fit seating for 7, 1 kid, 2 pets. Primary use cases are work, rideshare, so cargo matters a lot and my maintenance priority is luxury ok. Must-haves: built in navigation, panoramic roof, leather seats, remote start, blind spot monitoring. Nice-to-haves: lane keep assist, heated seats, lane departure warning, memory seats. Please avoid: apple carplay. I prefer blue exterior, and I’m explicitly not shopping for coupe body styles.",,
prompt_217,"I want something trail-ready, but I don’t want any tradeoffs in comfort.",,
prompt_218,"I’m prioritizing features that make everyday driving easier. I’m looking for a 2015–2024 Hyundai Kona Electric as my next sedan and I want it between $17,000 and $25,000 with moderate mileage; owners not a major concern. It should be plug_in_hybrid with a manual transmission and rwd drivetrain, and it needs to fit seating for 7, 2 kids, no pets. Primary use cases are budget_value, cargo, pleasure, so I need fold-flat rear seats and my maintenance priority is performance first. Must-haves: wireless charging, tow package, heated seats. Nice-to-haves: panoramic roof, adaptive cruise control, leather seats, front parking sensors. Please avoid: android auto, apple carplay, keyless entry. I prefer blue exterior, and I’m explicitly not shopping for minivan body styles.",,
prompt_219,"I’m looking for a 2018+ BMW X3 in the coupe category, located within 30 miles of Fort Lauderdale, FL. Budget is under $28,000, with under 80,000 miles. It should be diesel-powered, have a automatic transmission and FWD drivetrain. Primary use will be commuting, pets, outdoor trips, and ownership costs should stay balanced. Must-have features include panoramic roof, heated steering wheel; nice to have remote start, and I want to avoid third-row seating. Preferred exterior colors are silver.",,
prompt_220,"I want something that feels like a safe, smart choice.",,
prompt_221,I want a pickup that can handle occasional work but still be comfortable to drive every day.,,
prompt_222,I want something that makes sense financially and practically.,,
prompt_223,"I want an SUV that’s excellent off-road, but I don’t want off-road compromises on pavement.",,
prompt_224,"I want a Honda Civic, under $25k, preferably in black, with Apple CarPlay.",,
prompt_225,"I’m open to alternative powertrains, but only if ownership stays simple.",,
prompt_226,"I’m looking for a 2017+ Lexus RX in the minivan category, located within 15 miles of Irvine, CA. Budget is under $30,000, with under 100,000 miles. It should be plug-in hybrid-powered, have a CVT transmission and AWD drivetrain. Primary use will be pets, and ownership costs should stay luxury-acceptable. Must-have features include tow package, sunroof, premium audio; nice to have Android Auto, backup camera, and I want to avoid adaptive cruise control, blind spot monitoring. Preferred exterior colors are brown.",,
prompt_227,"I like the idea of an electric car for commuting, but I still want to stay under $35,000 and have modern tech.",,
prompt_228,"I want something newer, but not brand new, and I want good value for the money.",,
prompt_229,I’m mainly thinking about fuel savings over the long term.,,
prompt_230,"I’m optimizing for daily usability and low hassle ownership. I’m looking for a 2014–2018 Subaru WRX as my next coupe and I want it between $35,000 and $50,000 with under 30,000 miles; one-owner. It should be hybrid with a automatic transmission and awd drivetrain, and it needs to fit seating for 7, no kids, no pets. Primary use cases are travel, budget_value, work, so cargo is moderate and my maintenance priority is luxury ok. Must-haves: premium audio, remote start, roof rack. Nice-to-haves: memory seats, third row seating, built in navigation, rear parking sensors. Please avoid: tow package, lane departure warning. I prefer blue or brown exterior, and I’m explicitly not shopping for crossover, minivan body styles.",,
prompt_231,"I’m looking for a 2018+ Honda Accord in the minivan category, located within 40 miles of Salt Lake City, UT. Budget is under $28,000, with moderate mileage. It should be gas-powered, have a automatic transmission and AWD drivetrain. Primary use will be family use, and ownership costs should stay performance-oriented. Must-have features include remote start, backup camera, third-row seating, roof rack; nice to have adaptive cruise control, tow package. Preferred exterior colors are black.",,
prompt_232,"I’m focused on simplicity in ownership, so I’m avoiding anything that needs extra planning, under $30k.",,
prompt_233,I’m drawn to vehicles with thoughtful interior features.,,
prompt_234,"I’m looking for a 2013+ Kia Sportage in the truck category, located within 15 miles of Arlington, VA. Budget is under $30,000, with under 60,000 miles. It should be diesel-powered, have a CVT transmission and RWD drivetrain. Primary use will be road trips, city driving, pets, and ownership costs should stay low-cost. Must-have features include premium audio, leather seats; nice to have sunroof, and I want to avoid wireless charging. Preferred exterior colors are blue.",,
prompt_235,"I’m looking for a 2022+ Honda Accord in the sedan category, located within 20 miles of Somerville, MA. Budget is under $35,000, with under 80,000 miles. It should be plug-in hybrid-powered, have a manual transmission and FWD drivetrain. Primary use will be city driving, pets, commuting, and ownership costs should stay low-cost. Must-have features include Android Auto, adaptive cruise control, wireless charging, heated steering wheel; nice to have third-row seating, leather seats, roof rack. Preferred exterior colors are white.",,
prompt_236,"I want a vehicle that’s easy to drive in traffic and parking lots, without the challenges of larger vehicles, under $26k.",,
prompt_237,I want a pleasant driving experience more than outright speed.,,
prompt_238,"I’m looking for a hatchback that’s practical for errands, but not something tiny, and I want it under $25,000.",,
prompt_239,"I want something that feels modern and well-equipped without being excessive. I’m looking for a 2012–2016 Honda Civic as my next minivan and I want it between $38,000 and $50,000 with under 60,000 miles; owners not a major concern. It should be diesel with a manual transmission and 4wd drivetrain, and it needs to fit seating for 6, 3 kids, no pets. Primary use cases are commute, off_road, so cargo is low priority and my maintenance priority is low cost. Must-haves: remote start, memory seats, rear parking sensors, backup camera, tow package. Nice-to-haves: panoramic roof, heated seats, lane keep assist, blind spot monitoring. Please avoid: android auto, heated steering wheel. I prefer silver exterior, and I’m explicitly not shopping for sedan, coupe, wagon body styles.",,
prompt_240,"SUV for commute and cargo, not too large, under $35k, 2019+.",,
prompt_241,I’m looking for a vehicle with heated seats and heated steering wheel.,,
prompt_242,"Gas-only sedan, no hybrid or EV, under $22k.",,
prompt_243,"I want a sensible car, but not one that feels dull.",,
prompt_244,"I’m looking for a Subaru Outback with AWD, automatic transmission, under $30k, and it must have a roof rack and heated seats for travel.",,
prompt_245,I want a powertrain that fits a normal lifestyle without extra hassle.,,
prompt_246,I’m okay with a little performance as long as it doesn’t hurt reliability.,,
prompt_247,"I’m looking for a Tesla Model 3, under $38k, with low mileage, and I want heated seats and modern infotainment.",,
prompt_248,"I’m looking for a 2020+ BMW 3 Series in the coupe category, located within 30 miles of Fargo, ND. Budget is under $35,000, with low mileage. It should be diesel-powered, have a automatic transmission and FWD drivetrain. Primary use will be pets, family use, city driving, and ownership costs should stay balanced. Must-have features include leather seats, wireless charging, adaptive cruise control, third-row seating; nice to have remote start, premium audio, tow package. Preferred exterior colors are gray, silver.",,
prompt_249,"I want something great for hauling cargo, but I almost never carry anything.",,
prompt_250,"SUV for kids and animals, fold-flat seats required, under $38k.",,
prompt_251,"I need a vehicle that can handle kids, cargo, and daily driving without stress.",,
prompt_252,I want something that sits a little higher than a sedan but still feels manageable in traffic and parking lots.,,
prompt_253,"I’m interested in advanced driver assistance features, but I don’t trust driver assistance systems.",,
prompt_254,"I want something solid and current, without pushing boundaries, under $29k.",,
prompt_255,"I want a Corolla, under $22k, fuel economy is the priority.",,
prompt_256,"I want something that feels modern and well-equipped without being excessive. I’m looking for a 2017–2018 Mazda Mazda3 as my next minivan and I want it under $15,000 with very low mileage; owners not a major concern. It should be electric with a cvt transmission and fwd drivetrain, and it needs to fit seating for 2, 3 kids, no pets. Primary use cases are travel, cargo, so cargo is low priority and my maintenance priority is luxury ok. Must-haves: keyless entry, rear parking sensors, ventilated seats, apple carplay. Nice-to-haves: wireless charging, leather seats, remote start. Please avoid: third row seating. I prefer blue or white exterior, and I’m explicitly not shopping for suv, wagon body styles.",,
prompt_257,"Remote start and heated seats must have, under $36k.",,
prompt_258,"Under $22k, no frills, simple daily driver.",,
prompt_259,"I want a Jeep Grand Cherokee, AWD or 4WD, under $38k, with heated seats.",,
prompt_260,I’m open to a plug-in hybrid if it helps with fuel costs without being fully electric.,,
prompt_261,"I’m looking for something fun to drive, but not something that encourages reckless behavior.",,
prompt_262,"I want a Camry, but not an older Camry, and it needs to be automatic and under $29k.",,
prompt_263,"Simple sedan, no luxury focus, low-cost maintenance priority, budget under $19k, avoid panoramic roof.",,
prompt_264,"I’m curious about mild hybrids, but I still want something familiar and under $37,000.",,
prompt_265,"Hatchback daily driver, fuel economy high priority, under $20k, mileage under 85k.",,
prompt_266,"I’m drawn to hatchbacks because they’re practical, and if I can find one under $23k with moderate mileage, that would be perfect.",,
prompt_267,"I’ve got kids, so seating and cargo space matter more than anything else right now.",,
prompt_268,I want something that’s enjoyable to drive without being aggressive or flashy.,,
prompt_269,"I just want something practical and reliable that doesn’t stretch my finances, under $28k.",,
prompt_270,"I’m looking for a 2016+ Honda CR-V in the crossover category, located within 50 miles of Monterey, CA. Budget is under $42,000, with low mileage. It should be electric-powered, have a manual transmission and AWD drivetrain. Primary use will be commuting, cargo hauling, road trips, and ownership costs should stay luxury-acceptable. Must-have features include tow package, roof rack; nice to have heated seats, remote start, premium audio. Preferred exterior colors are green.",,
prompt_271,"I’m interested in a reliable daily driver with Apple CarPlay and blind spot monitoring, under $26k.",,
prompt_272,"I’m looking for a daily commuter that fits easily in city parking spots, so I’m not interested in anything truck-like, and my budget is around $25,000.",,
prompt_273,"I want a Lexus ES sedan, 2018 or newer, automatic, under $35k, with leather seats, premium audio, and adaptive cruise control.",,
prompt_274,"I want a pickup that fits into a normal daily routine, not something massive.",,
prompt_275,"I want something understated, but I want it to feel special.",,
prompt_276,"I don’t need a big vehicle, but I do want to be able to throw stuff in the back when I need to.",,
prompt_277,"I want a Ford Maverick Hybrid, under $30k, with Apple CarPlay.",,
prompt_278,"I’m looking for a 2018+ Toyota Camry in the suv category, located within 30 miles of Houston, TX. Budget is under $42,000, with under 100,000 miles. It should be plug-in hybrid-powered, have a manual transmission and AWD drivetrain. Primary use will be family use, road trips, pets, and ownership costs should stay performance-oriented. Must-have features include backup camera, premium audio, heated seats, tow package; nice to have sunroof, Apple CarPlay. Preferred exterior colors are black.",,
prompt_279,"I’m looking for a 2017+ Subaru Crosstrek in the hatchback category, located within 25 miles of Evanston, IL. Budget is under $38,000, with under 60,000 miles. It should be electric-powered, have a automatic transmission and FWD drivetrain. Primary use will be road trips, pets, and ownership costs should stay low-cost. Must-have features include Android Auto, third-row seating, roof rack; nice to have heated steering wheel, and I want to avoid adaptive cruise control. Preferred exterior colors are red.",,
prompt_280,"I want something discreet and sensible for daily driving, with a budget cap of $29k.",,
prompt_281,I’m trying to make a practical decision rather than an emotional one.,,
prompt_282,"I’m optimizing for daily usability and low hassle ownership. I’m looking for a 2019–2025 Volkswagen Golf GTI as my next minivan within 10 miles of Summerlin (Las Vegas), and I want it between $25,000 and $40,000 with under 90,000 miles; one-owner. It should be gas with a automatic transmission and awd drivetrain, and it needs to fit seating for 8, 2 kids, 1 pet. Primary use cases are towing, budget_value, so cargo matters a lot and my maintenance priority is balanced. Must-haves: blind spot monitoring, lane keep assist, remote start, backup camera. Nice-to-haves: leather seats, ventilated seats. Please avoid: wireless charging, tow package. I prefer brown exterior, and I’m explicitly not shopping for sedan, truck body styles.",,
prompt_283,"I’m interested in a BMW X3, under $38k, with Apple CarPlay.",,
prompt_284,"I’m looking for a 2014+ Nissan Rogue in the crossover category, located within 15 miles of Santa Cruz, CA. Budget is under $42,000, with low mileage. It should be plug-in hybrid-powered, have a CVT transmission and 4WD drivetrain. Primary use will be commuting, and ownership costs should stay low-cost. Must-have features include Android Auto, heated seats, blind spot monitoring; nice to have panoramic roof. Preferred exterior colors are brown, silver.",,
prompt_285,"Small SUV, reliability focused, low-cost maintenance priority, under $29k.",,
prompt_286,"I want a Corolla, but not the hatchback version, and I want simplicity and efficiency.",,
prompt_287,"I want something very specific on features and reliability, not brand prestige, under $29k.",,
prompt_288,"I’m trying to balance comfort and cost, which is why I’m looking for a daily driver that feels modern but stays under about $28k.",,
prompt_289,"I’m focused on long-term ownership costs, not just the purchase price.",,
prompt_290,"I’m trying to be practical, but I do care about comfort and tech. I’m looking for a 2019–2024 Subaru Outback as my next minivan within 15 miles of Henderson, NV, and I want it under $18,000 with moderate mileage; 2 owners max. It should be diesel with a cvt transmission and fwd drivetrain, and it needs to fit seating for 7, no kids, no pets. Primary use cases are cargo, towing, so cargo matters a lot and my maintenance priority is luxury ok. Must-haves: built in navigation, android auto, remote start. Nice-to-haves: heated seats, sunroof, lane departure warning, lane keep assist. Please avoid: roof rack, wireless charging. I prefer brown or silver exterior, and I’m explicitly not shopping for truck, suv body styles.",,
prompt_291,"I’m trying to be practical, but I do care about comfort and tech. I’m looking for a 2018–2025 Chevrolet Silverado 1500 as my next wagon within 20 miles of North Las Vegas, NV, and I want it between $20,000 and $35,000 with under 50,000 miles; one-owner. It should be gas with a automatic transmission and fwd drivetrain, and it needs to fit seating for 5, 2 kids, no pets. Primary use cases are rideshare, pleasure, animals, so cargo matters a lot and my maintenance priority is low cost. Must-haves: premium audio, backup camera, roof rack, lane departure warning. Nice-to-haves: apple carplay, front parking sensors, ventilated seats. Please avoid: adaptive cruise control, lane keep assist. I prefer green exterior, and I’m explicitly not shopping for sedan, minivan, crossover body styles.",,
prompt_292,"I want a car that’s straightforward and reliable, without all the bells and whistles of luxury models, and I want to keep it under $29k.",,
prompt_293,I need something family-friendly that can handle school runs and trips without feeling cramped.,,
prompt_294,"I’m prioritizing features that make everyday driving easier. I’m looking for a 2021 Hyundai Kona Electric as my next truck within 50 miles of Las Vegas, NV, and I want it between $20,000 and $32,000 with under 100,000 miles; no more than 3 owners. It should be diesel with a cvt transmission and rwd drivetrain, and it needs to fit seating for 6, no kids, 2 pets. Primary use cases are family, commute, so I want hatch access for loading and my maintenance priority is low cost. Must-haves: rear parking sensors, ventilated seats, third row seating, adaptive cruise control, tow package. Nice-to-haves: apple carplay, blind spot monitoring, premium audio, lane keep assist. Please avoid: panoramic roof. I prefer black or blue exterior, and I’m explicitly not shopping for convertible body styles.",,
prompt_295,"I want a Honda Accord Hybrid for commuting, under $29k, and mileage isn’t a big concern.",,
prompt_296,"I want heated seats and comfort features, but not luxury ownership costs.",,
prompt_297,"Modern Performance Platform for Modification: Searching for a 2015–2020 Ford Mustang GT. Manual preferred but automatic considered. Clean title required. Light modifications are acceptable, but I'm mainly interested in a solid, unmodified platform for future performance upgrades. Interior condition should be good, exterior color flexible. Budget up to $38,000.",,
prompt_298,"I’m optimizing for daily usability and low hassle ownership. I’m looking for a 2015–2021 Subaru WRX as my next suv within 20 miles of Summerlin (Las Vegas), and I want it under $38,000 with under 100,000 miles; owners not a major concern. It should be diesel with a dual_clutch transmission and awd drivetrain, and it needs to fit seating for 7, 2 kids, no pets. Primary use cases are travel, commute, family, so cargo is moderate and my maintenance priority is luxury ok. Must-haves: front parking sensors, rear parking sensors, adaptive cruise control, wireless charging, premium audio. Nice-to-haves: remote start, sunroof. Please avoid: blind spot monitoring, lane departure warning. I prefer white or gray exterior, and I’m explicitly not shopping for convertible, sedan body styles.",,
prompt_299,"Minivan with rear parking sensors and backup camera, under $39k.",,
prompt_300,"I’m looking for a 2021+ Hyundai Elantra in the wagon category, located within 10 miles of Davis, CA. Budget is under $22,000, with under 80,000 miles. It should be electric-powered, have a automatic transmission and FWD drivetrain. Primary use will be cargo hauling, commuting, pets, and ownership costs should stay low-cost. Must-have features include leather seats, Apple CarPlay, Android Auto, tow package; nice to have blind spot monitoring, heated seats. Preferred exterior colors are black.",,
prompt_301,"I want to spend around $30k, but not go over, and I’d prefer mileage to be low or moderate.",,
prompt_302,"I’m looking for safety tech, but not intrusive driver aids.",,
prompt_303,I want something dependable that I can rely on day after day.,,
prompt_304,"I’m looking for a 2018+ Hyundai Elantra in the truck category, located within 40 miles of Los Angeles, CA. Budget is under $30,000, with under 80,000 miles. It should be electric-powered, have a CVT transmission and FWD drivetrain. Primary use will be cargo hauling, and ownership costs should stay low-cost. Must-have features include premium audio, remote start, panoramic roof; nice to have third-row seating, adaptive cruise control, wireless charging, and I want to avoid Apple CarPlay, sunroof. Preferred exterior colors are brown, red.",,
prompt_305,"I’m looking for a 2018+ Lexus ES in the minivan category, located within 40 miles of Nashville, TN. Budget is under $30,000, with under 60,000 miles. It should be plug-in hybrid-powered, have a dual-clutch transmission and 4WD drivetrain. Primary use will be family use, pets, and ownership costs should stay low-cost. Must-have features include backup camera, panoramic roof; nice to have premium audio, sunroof, and I want to avoid tow package. Preferred exterior colors are green.",,
prompt_306,"I want future-proofing, but I don’t care about the future.",,
prompt_307,"I’m looking for a 2021+ Jeep Grand Cherokee in the wagon category, located within 25 miles of Flagstaff, AZ. Budget is under $22,000, with low mileage. It should be plug-in hybrid-powered, have a dual-clutch transmission and AWD drivetrain. Primary use will be cargo hauling, city driving, road trips, and ownership costs should stay performance-oriented. Must-have features include leather seats, remote start, roof rack; nice to have blind spot monitoring, adaptive cruise control, premium audio. Preferred exterior colors are green.",,
prompt_308,"I’m interested in a Hyundai Kona Electric, under $32k, with low mileage and modern safety tech.",,
prompt_309,"I want a Honda CR-V, under $30k, with FWD and heated seats.",,
prompt_310,"I’m trying to be practical, but I do care about comfort and tech. I’m looking for a 2021 Toyota Tacoma as my next convertible within 40 miles of Spring Valley, NV, and I want it under $15,000 with very high mileage; owners not a major concern. It should be mild_hybrid with a dual_clutch transmission and awd drivetrain, and it needs to fit seating for 6, 3 kids, 1 pet. Primary use cases are pleasure, animals, so cargo matters a lot and my maintenance priority is performance first. Must-haves: backup camera, sunroof, heated steering wheel, panoramic roof, remote start. Nice-to-haves: built in navigation, premium audio, lane departure warning. Please avoid: adaptive cruise control. I prefer green or black exterior, and I’m explicitly not shopping for sedan body styles.",,
prompt_311,"I’m looking for a calm, quiet ride, but I want an engine that sounds exciting.",,
prompt_312,I’m trying to stay under a strict budget and don’t want to stretch financially.,,
prompt_313,"I’m interested in newer tech, but not at the expense of usability.",,
prompt_314,"I want something balanced and stress-free, without feeling cheap, under $29k.",,
prompt_315,"Hatchback with fold-flat seats and hatch access, cargo priority medium, under $24k, avoid sunroof.",,
prompt_316,"I’m being pretty picky on specs because I plan to keep it for years. I’m looking for a 2012–2020 Toyota Highlander as my next minivan within 15 miles of Summerlin (Las Vegas), and I want it between $24,000 and $32,000 with low mileage; no more than 3 owners. It should be gas with a cvt transmission and rwd drivetrain, and it needs to fit seating for 8, 3 kids, 2 pets. Primary use cases are pleasure, travel, so cargo matters a lot and my maintenance priority is performance first. Must-haves: backup camera, apple carplay, sunroof. Nice-to-haves: leather seats, tow package. Please avoid: panoramic roof, premium audio, heated seats. I prefer white or silver exterior, and I’m explicitly not shopping for hatchback, suv, convertible body styles.",,
prompt_317,"I’m interested in a Camry Hybrid, under $30k, but fuel economy matters less than having leather seats.",,
prompt_318,"I’m mostly looking for a sensible daily driver that fits my routine, and I want to keep the budget under $27,000.",,
prompt_319,I like having tech features but I don’t want the car to feel overly complicated.,,
prompt_320,"I’m interested in a CX-5, but not the base trim, and I want heated seats under $31k.",,
prompt_321,"I’m looking for a 2022+ Chevrolet Equinox in the truck category, located within 30 miles of Fargo, ND. Budget is under $35,000, with under 60,000 miles. It should be gas-powered, have a dual-clutch transmission and AWD drivetrain. Primary use will be city driving, commuting, and ownership costs should stay balanced. Must-have features include leather seats, Android Auto, adaptive cruise control, blind spot monitoring; nice to have premium audio, roof rack, and I want to avoid wireless charging. Preferred exterior colors are green.",,
prompt_322,"I want all-wheel traction, but not a complex or high-maintenance system.",,
prompt_323,"I want performance-first priorities, but not at the expense of comfort or fuel economy.",,
prompt_324,"I’m interested in premium audio, but not at the expense of long-term reliability.",,
prompt_325,"I want a vehicle that’s efficient and simple to own, and I’m not interested in dealing with charging routines, under $27k.",,
prompt_326,"I think a small crossover would suit my lifestyle best, since I want a bit more space but still decent fuel economy, and I’d like to stay under $30k.",,
prompt_327,I think a small crossover might be the sweet spot for me since I want a bit of space without going full SUV.,,
prompt_328,"I want a versatile car for normal life tasks, without the footprint of a large SUV, under $32k.",,
prompt_329,"I’m searching for a luxury sedan that balances performance and comfort, under $43k.",,
prompt_330,"I want low hassle ownership without sacrificing everyday comfort, under $30k.",,
prompt_331,"I want convenience features, but not extra complexity.",,
prompt_332,I want something that fits my finances without compromise.,,
prompt_333,"Crossover with roof rack and tow package, under $38k.",,
prompt_334,"I want a vehicle that’s well-suited for commuting, and I don’t need it to double as a work tool, under $27k.",,
prompt_335,"I’m looking for a work-light truck that makes sense financially, under $30k.",,
prompt_336,"I want a Subaru Forester, AWD, under $30k, with roof rack and heated seats.",,
prompt_337,"I’m looking for a CX-5, under $30k, in gray or black.",,
prompt_338,"I don’t want a giant SUV, just something practical with room for people and bags.",,
prompt_339,I’m leaning toward a hatchback because it just seems more useful than a sedan for my lifestyle.,,
prompt_340,"I’m looking for a Civic Hatchback, under $26k, in gray.",,
prompt_341,"I’m looking for a 2017+ Hyundai Sonata in the minivan category, located within 25 miles of Boulder, CO. Budget is under $30,000, with under 80,000 miles. It should be gas-powered, have a manual transmission and FWD drivetrain. Primary use will be city driving, and ownership costs should stay performance-oriented. Must-have features include backup camera, heated seats, leather seats; nice to have Apple CarPlay, third-row seating. Preferred exterior colors are silver.",,
prompt_342,I want a balanced car that does everything reasonably well.,,
prompt_343,"I’m not chasing excitement, but I do want something dependable and comfortable under $29k.",,
prompt_344,"I want room for pets, but not a vehicle that’s only built for hauling.",,
prompt_345,"I want a car that blends into my life without hassle, ideally under $26,000.",,
prompt_346,"Truck for commute and light work, not oversized, under $32k.",,
prompt_347,"I’m looking for something that fits a weekday routine, without weekend project demands, budget around $28k.",,
prompt_348,"I’m searching for a vehicle where the feature set matters more than performance, under $30k.",,
prompt_349,"I’m looking for something modern enough, without being experimental or overdesigned, budget around $31k.",,
prompt_350,"I’m looking for a 2018+ BMW 3 Series in the truck category, located within 15 miles of Queens, NY. Budget is under $28,000, with under 80,000 miles. It should be hybrid-powered, have a dual-clutch transmission and FWD drivetrain. Primary use will be commuting, city driving, and ownership costs should stay low-cost. Must-have features include backup camera, remote start, Apple CarPlay, leather seats; nice to have wireless charging, panoramic roof, tow package, and I want to avoid Android Auto, premium audio. Preferred exterior colors are brown.",,
prompt_351,"I’m being pretty picky on specs because I plan to keep it for years. I’m looking for a 2012–2022 Chevrolet Bolt EV as my next convertible and I want it between $40,000 and $50,000 with under 110,000 miles; owners not a major concern. It should be plug_in_hybrid with a dual_clutch transmission and rwd drivetrain, and it needs to fit seating for 7, 1 kid, no pets. Primary use cases are cargo, luxury, towing, so cargo is moderate and my maintenance priority is balanced. Must-haves: built in navigation, wireless charging, lane departure warning, rear parking sensors. Nice-to-haves: heated seats, apple carplay, front parking sensors. Please avoid: lane keep assist, android auto, panoramic roof. I prefer black or green exterior, and I’m explicitly not shopping for truck, crossover body styles.",,
prompt_352,"I’m looking for a sedan that feels sporty and aggressive, but also rides very softly and comfortably.",,
prompt_353,"I’m being pretty picky on specs because I plan to keep it for years. I’m looking for a 2014–2019 Hyundai Kona Electric as my next coupe within 50 miles of Spring Valley, NV, and I want it between $23,000 and $38,000 with under 80,000 miles; one-owner. It should be diesel with a automatic transmission and rwd drivetrain, and it needs to fit seating for 7, 2 kids, 1 pet. Primary use cases are work, pleasure, so I need fold-flat rear seats and my maintenance priority is performance first. Must-haves: memory seats, lane departure warning, ventilated seats. Nice-to-haves: wireless charging, adaptive cruise control, built in navigation, panoramic roof. Please avoid: rear parking sensors, leather seats. I prefer blue or brown exterior, and I’m explicitly not shopping for wagon, sedan, crossover body styles.",,
prompt_354,"I’m looking for a 2017+ Honda CR-V in the minivan category, located within 10 miles of Kansas City, MO. Budget is under $38,000, with under 100,000 miles. It should be hybrid-powered, have a dual-clutch transmission and RWD drivetrain. Primary use will be city driving, cargo hauling, and ownership costs should stay low-cost. Must-have features include heated steering wheel, sunroof, premium audio, tow package; nice to have remote start, and I want to avoid Apple CarPlay. Preferred exterior colors are blue.",,
prompt_355,"I’m trying to be practical, but I do care about comfort and tech. I’m looking for a 2015–2019 Chevrolet Camaro as my next suv within 30 miles of Henderson, NV, and I want it between $9,000 and $15,000 with under 110,000 miles; owners not a major concern. It should be electric with a cvt transmission and awd drivetrain, and it needs to fit seating for 7, no kids, no pets. Primary use cases are travel, off_road, so I need fold-flat rear seats and my maintenance priority is balanced. Must-haves: panoramic roof, adaptive cruise control, apple carplay. Nice-to-haves: third row seating, ventilated seats, premium audio, tow package. Please avoid: lane keep assist, rear parking sensors, sunroof. I prefer black or green exterior, and I’m explicitly not shopping for crossover, minivan, sedan body styles.",,
prompt_356,"I’m looking for a large SUV with lots of space, but I want it to be easy to park in the city and get good fuel economy.",,
prompt_357,"I want something practical and easy to own—automatic transmission, decent fuel economy, and no major mechanical issues.",,
prompt_358,"I’m interested in a Hyundai Sonata Hybrid, under $31k, with Apple CarPlay and safety features.",,
prompt_359,I want a value-focused car that feels luxurious.,,
prompt_360,"I want a Honda Accord, preferably 2018 or later, automatic transmission, under $27k, and it absolutely needs adaptive cruise control and blind spot monitoring.",,
prompt_361,"A sensible car for everyday life, under $27k.",,
prompt_362,"I’m looking for something uncommon, but parts and servicing should be cheap and easy.",,
prompt_363,I want heated seats and comfort features because I drive a lot in the mornings.,,
prompt_364,"I want convenience features that make life easier, without turning the car into a rolling gadget, under $30k.",,
prompt_365,I’m looking for a vehicle with heated seats but no heated steering wheel.,,
prompt_366,"I’m searching for an off-road capable SUV that’s still comfortable, under $40k.",,
prompt_367,I’m trying to balance efficiency with practicality.,,
prompt_368,"I’m looking for something kid-friendly, but not something that screams family car.",,
prompt_369,I want a truck that’s practical and reliable without being overly expensive or fancy.,,
prompt_370,"I’m looking for a 2020+ Mazda CX-30 in the suv category, located within 30 miles of Cleveland, OH. Budget is under $42,000, with under 40,000 miles. It should be electric-powered, have a automatic transmission and AWD drivetrain. Primary use will be city driving, road trips, and ownership costs should stay performance-oriented. Must-have features include leather seats, sunroof; nice to have tow package, adaptive cruise control. Preferred exterior colors are blue, white.",,
prompt_371,"Mild hybrid SUV, fuel economy medium priority, under $37k.",,
prompt_372,"I want something that fits my budget comfortably, without regrets, under $28k.",,
prompt_373,"I’ve got a dog and sometimes haul gear, so I’m thinking a hatchback with fold-flat seats would make life easier.",,
prompt_374,"I’m optimizing for daily usability and low hassle ownership. I’m looking for a 2012–2017 Lexus RX as my next hatchback within 50 miles of North Las Vegas, NV, and I want it between $14,000 and $22,000 with under 30,000 miles; one-owner. It should be hybrid with a manual transmission and rwd drivetrain, and it needs to fit seating for 2, no kids, 2 pets. Primary use cases are luxury, towing, so cargo matters a lot and my maintenance priority is low cost. Must-haves: tow package, memory seats, premium audio, remote start, third row seating. Nice-to-haves: keyless entry, lane keep assist, apple carplay. Please avoid: built in navigation. I prefer blue or gray exterior, and I’m explicitly not shopping for convertible body styles.",,
prompt_375,"I’m interested in a Ford Ranger, under $32k, mostly for commuting.",,
prompt_376,"I want something that feels modern and well-equipped without being excessive. I’m looking for a 2012–2016 Mazda CX-5 as my next minivan within 20 miles of Henderson, NV, and I want it under $18,000 with does not matter mileage; owners not a major concern. It should be plug_in_hybrid with a cvt transmission and awd drivetrain, and it needs to fit seating for 2, 2 kids, 1 pet. Primary use cases are towing, off_road, family, so cargo is moderate and my maintenance priority is luxury ok. Must-haves: heated steering wheel, apple carplay, remote start. Nice-to-haves: heated seats, lane departure warning. Please avoid: front parking sensors. I prefer red exterior, and I’m explicitly not shopping for crossover body styles.",,
prompt_377,"I’m looking for something optimized for commuting, but I also want it to be great for off-road adventures.",,
prompt_378,"I'm looking for a caged and tubbed roller. It doesn't need to have a motor or transmission. Prefer a fiberglass body, but will consider anything American muscle. My budget is $15k–$25k.",,
prompt_379,"I want a Tesla Model 3, under $38k, with moderate mileage but premium audio.",,
prompt_380,"I’m interested in a Mazda3, under $25k, with leather seats and premium audio.",,
prompt_381,"I want a sedan that’s easy to live with and affordable, nothing oversized or meant for hauling, and I’d like to stay under $28k.",,
prompt_382,"I’m prioritizing features that make everyday driving easier. I’m looking for a 2012–2019 Ford Mustang as my next convertible within 25 miles of North Las Vegas, NV, and I want it between $8,000 and $15,000 with under 60,000 miles; no more than 3 owners. It should be diesel with a dual_clutch transmission and 4wd drivetrain, and it needs to fit seating for 4, 2 kids, 2 pets. Primary use cases are family, travel, so cargo is low priority and my maintenance priority is luxury ok. Must-haves: sunroof, android auto, tow package, leather seats. Nice-to-haves: heated steering wheel, backup camera, remote start. Please avoid: heated seats, premium audio. I prefer green or red exterior, and I’m explicitly not shopping for minivan, sedan body styles.",,
prompt_383,"I’m interested in a Mazda3, under $25k, with cloth seats but better fuel economy.",,
prompt_384,"Light-duty truck for occasional hauling, under $30k, mileage under 110k.",,
prompt_385,"I want something a little taller than a sedan for visibility, but still efficient, and ideally under $30,000.",,
prompt_386,I want a front-wheel drive car with strong off-road capability.,,
prompt_387,I want a car that satisfies both my head and my heart.,,
prompt_388,"I’m looking for a 2014+ Subaru Forester in the minivan category, located within 30 miles of Flagstaff, AZ. Budget is under $18,000, with under 100,000 miles. It should be hybrid-powered, have a manual transmission and 4WD drivetrain. Primary use will be cargo hauling, and ownership costs should stay luxury-acceptable. Must-have features include heated seats, leather seats, Android Auto; nice to have third-row seating, and I want to avoid backup camera, adaptive cruise control. Preferred exterior colors are gray, white.",,
prompt_389,"I’m interested in an Accord, but not the base Accord, and I want good safety tech included.",,
prompt_390,"I want a BMW X3, automatic, under $38k, with Apple CarPlay and blind spot monitoring.",,
prompt_391,"I want an Outback, but not the Wilderness trim, and I want it for commuting and trips.",,
prompt_392,"I’m looking for a practical vehicle that handles daily errands and road trips, as long as it stays under $32k.",,
prompt_393,"I want something family-friendly that doesn’t feel overly complicated, staying under $36k.",,
prompt_394,"I’m interested in a vehicle with a high ride height, but I want handling like a low sports car.",,
prompt_395,"Electric sedan, under $38k, must have heated seats.",,
prompt_396,"I want something hybrid-powered with modern infotainment, under $33k.",,
prompt_397,"Under $32k, luxury ok maintenance, prefer leather seats.",,
prompt_398,"I’m prioritizing features that make everyday driving easier. I’m looking for a 2021–2022 Chevrolet Colorado as my next hatchback and I want it between $22,000 and $32,000 with under 70,000 miles; one-owner. It should be plug_in_hybrid with a cvt transmission and fwd drivetrain, and it needs to fit seating for 8, 1 kid, no pets. Primary use cases are commute, pleasure, cargo, so cargo is moderate and my maintenance priority is performance first. Must-haves: premium audio, third row seating, adaptive cruise control, apple carplay, remote start. Nice-to-haves: lane departure warning, memory seats. Please avoid: android auto, ventilated seats. I prefer green exterior, and I’m explicitly not shopping for convertible, sedan body styles.",,
prompt_399,I want something that feels nice behind the wheel but still practical.,,
prompt_400,I'd like a drifted-out Nissan 350Z that meets all requirements for Formula Drift and SCCA Advanced Drifting.,,
prompt_401,"I’m looking for a 2019+ Ford F-150 in the truck category, located within 25 miles of Rapid City, SD. Budget is under $28,000, with under 60,000 miles. It should be hybrid-powered, have a manual transmission and RWD drivetrain. Primary use will be pets, family use, cargo hauling, and ownership costs should stay performance-oriented. Must-have features include Apple CarPlay, tow package, remote start; nice to have sunroof, heated seats. Preferred exterior colors are white, brown.",,
prompt_402,"I want a modern infotainment system, but I prefer physical buttons for everything.",,
prompt_403,"I’m looking for durability and longevity, but resale value matters more.",,
prompt_404,"I’m being pretty picky on specs because I plan to keep it for years. I’m looking for a 2017–2023 Subaru WRX as my next coupe and I want it between $18,000 and $28,000 with under 40,000 miles; 2 owners max. It should be gas with a manual transmission and 4wd drivetrain, and it needs to fit seating for 2, 1 kid, 1 pet. Primary use cases are cargo, work, pleasure, so cargo is low priority and my maintenance priority is luxury ok. Must-haves: backup camera, remote start, blind spot monitoring. Nice-to-haves: heated steering wheel, leather seats, tow package, android auto. Please avoid: wireless charging, third row seating, lane departure warning. I prefer green or brown exterior, and I’m explicitly not shopping for sedan, truck, hatchback body styles.",,
prompt_405,"I’m being pretty picky on specs because I plan to keep it for years. I’m looking for a 2016–2023 Toyota Camry as my next hatchback and I want it between $13,000 and $25,000 with under 90,000 miles; owners not a major concern. It should be mild_hybrid with a dual_clutch transmission and 4wd drivetrain, and it needs to fit seating for 2, no kids, no pets. Primary use cases are work, commute, so I want hatch access for loading and my maintenance priority is balanced. Must-haves: panoramic roof, memory seats, ventilated seats, adaptive cruise control, leather seats. Nice-to-haves: sunroof, android auto, tow package. Please avoid: heated steering wheel, apple carplay, roof rack. I prefer silver or black exterior, and I’m explicitly not shopping for minivan body styles.",,
prompt_406,"I’m trying to be practical, but I do care about comfort and tech. I’m looking for a 2015–2017 Nissan Rogue as my next minivan and I want it between $13,000 and $28,000 with under 90,000 miles; owners not a major concern. It should be hybrid with a manual transmission and 4wd drivetrain, and it needs to fit seating for 4, no kids, no pets. Primary use cases are work, family, travel, so cargo is low priority and my maintenance priority is performance first. Must-haves: lane departure warning, apple carplay, tow package, sunroof. Nice-to-haves: built in navigation, lane keep assist, heated steering wheel. Please avoid: premium audio, roof rack, blind spot monitoring. I prefer gray or green exterior, and I’m explicitly not shopping for wagon body styles.",,
prompt_407,"Family vehicle with roof rack, under $41k.",,
prompt_408,"I’m looking for a sensible, budget-conscious choice.",,
prompt_409,I want a coupe that’s practical for hauling gear and daily errands.,,
prompt_410,"Comfort-focused sedan, leather seats and heated seats required, under $30k, mileage moderate or lower.",,
prompt_411,"I’m interested in a Ford Mustang, under $38k, with V8 power.",,
prompt_412,"I’m looking for a work-focused vehicle, but I don’t plan to use it for work tasks.",,
prompt_413,"I’m searching for a hybrid crossover that balances comfort and efficiency, under $34k.",,
prompt_414,"I’m looking for a Ford Escape Hybrid, AWD preferred, under $32k, with heated seats.",,
prompt_415,"I’m looking for a BMW 3 Series sedan, automatic only, under $38k, with Apple CarPlay and heated seats, but mileage should be moderate.",,
prompt_416,"I’m looking for a Kia Niro Hybrid, under $30k, but tech matters less than comfort.",,
prompt_417,"I want something that feels modern and well-equipped without being excessive. I’m looking for a 2018–2024 Tesla Model Y as my next suv within 25 miles of Las Vegas, NV, and I want it between $12,000 and $20,000 with under 70,000 miles; 2 owners max. It should be hybrid with a cvt transmission and 4wd drivetrain, and it needs to fit seating for 4, 2 kids, 1 pet. Primary use cases are pleasure, luxury, so cargo matters a lot and my maintenance priority is luxury ok. Must-haves: tow package, ventilated seats, front parking sensors. Nice-to-haves: blind spot monitoring, built in navigation, keyless entry, lane keep assist. Please avoid: leather seats. I prefer brown or blue exterior, and I’m explicitly not shopping for crossover, minivan, wagon body styles.",,
prompt_418,I want something efficient but not at the expense of convenience.,,
prompt_419,"I’m looking for a Toyota Corolla sedan, automatic, under $23k, with Apple CarPlay.",,
prompt_420,"Truck with crew cab, seating at least 5, under $36k.",,
prompt_421,"I’m looking for a Ford F-150, under $35k, with crew cab.",,
prompt_422,"Under $18k strict max, sedan or hatchback, mileage moderate.",,
prompt_423,"I want a car that feels refined but not flashy, and I’d like to stay under $34,000.",,
prompt_424,"I’m interested in a Honda Odyssey, under $38k, automatic, with third row seating and backup camera.",,
prompt_425,"Family commuter SUV, automatic, fuel economy medium priority, under $34k.",,
prompt_426,"I want efficiency without hassle, and I don’t want to go past $37k.",,
prompt_427,I want a vehicle that I won’t regret buying later.,,
prompt_428,"Electric hatchback for city driving, under $34k, must have apple carplay.",,
prompt_429,"I want heated seats and comfort features because I drive early mornings, and I’m hoping to stay under $35k.",,
prompt_430,"I want something that feels modern and well-equipped without being excessive. I’m looking for a 2018–2025 Subaru WRX as my next suv and I want it between $8,000 and $20,000 with does not matter mileage; owners not a major concern. It should be gas with a cvt transmission and rwd drivetrain, and it needs to fit seating for 8, 1 kid, no pets. Primary use cases are cargo, family, so I want hatch access for loading and my maintenance priority is performance first. Must-haves: heated steering wheel, backup camera, tow package, rear parking sensors. Nice-to-haves: lane keep assist, remote start, premium audio, built in navigation. Please avoid: apple carplay, panoramic roof. I prefer brown exterior, and I’m explicitly not shopping for minivan, crossover, convertible body styles.",,
prompt_431,"I have kids, so passenger space matters a lot, and I’m looking for an SUV with seating for at least five, under $38k.",,
prompt_432,"I need a car that just works every day, preferably automatic, decent fuel economy, and not something that feels old or worn out.",,
prompt_433,"Compact wagon, reliability priority high, under $30k, avoid panoramic roof.",,
prompt_434,"I’m looking for a 2015+ Honda Civic in the coupe category, located within 50 miles of Jersey City, NJ. Budget is under $22,000, with moderate mileage. It should be diesel-powered, have a automatic transmission and FWD drivetrain. Primary use will be pets, and ownership costs should stay low-cost. Must-have features include backup camera, Apple CarPlay, remote start, sunroof; nice to have roof rack, adaptive cruise control. Preferred exterior colors are gray.",,
prompt_435,"I’m looking for automatic only, but not an automatic crossover, and I want a sedan instead.",,
prompt_436,"I’m being pretty picky on specs because I plan to keep it for years. I’m looking for a 2015–2016 Ford Escape as my next sedan and I want it between $22,000 and $32,000 with under 30,000 miles; one-owner. It should be hybrid with a cvt transmission and fwd drivetrain, and it needs to fit seating for 2, no kids, no pets. Primary use cases are cargo, towing, so I want hatch access for loading and my maintenance priority is low cost. Must-haves: memory seats, keyless entry, tow package, remote start, third row seating. Nice-to-haves: sunroof, ventilated seats, front parking sensors. Please avoid: backup camera, rear parking sensors. I prefer gray or blue exterior, and I’m explicitly not shopping for minivan, crossover body styles.",,
prompt_437,"I do a lot of grocery runs and road trips, so something with hatch access and flexible cargo would be perfect.",,
prompt_438,"I want an electric vehicle with long range, but I also want it to be very affordable and under $25,000.",,
prompt_439,"I’m looking for a 2019+ Hyundai Tucson in the sedan category, located within 25 miles of Phoenix, AZ. Budget is under $18,000, with under 40,000 miles. It should be plug-in hybrid-powered, have a CVT transmission and 4WD drivetrain. Primary use will be pets, road trips, and ownership costs should stay luxury-acceptable. Must-have features include wireless charging, panoramic roof, adaptive cruise control; nice to have blind spot monitoring, and I want to avoid tow package. Preferred exterior colors are silver, white.",,
prompt_440,"I’m being pretty picky on specs because I plan to keep it for years. I’m looking for a 2021–2022 Volkswagen Golf GTI as my next convertible and I want it between $38,000 and $50,000 with under 70,000 miles; owners not a major concern. It should be diesel with a dual_clutch transmission and rwd drivetrain, and it needs to fit seating for 7, 2 kids, no pets. Primary use cases are pleasure, towing, so cargo is moderate and my maintenance priority is performance first. Must-haves: roof rack, panoramic roof, tow package, premium audio, apple carplay. Nice-to-haves: lane keep assist, android auto, leather seats, keyless entry. Please avoid: wireless charging, third row seating, sunroof. I prefer black or gray exterior, and I’m explicitly not shopping for minivan body styles.",,
prompt_441,"I’m looking for Apple CarPlay, but not a car overloaded with complicated tech beyond that.",,
prompt_442,"I’m optimizing for daily usability and low hassle ownership. I’m looking for a 2021–2025 Toyota Sienna as my next wagon and I want it between $19,000 and $25,000 with under 120,000 miles; owners not a major concern. It should be plug_in_hybrid with a dual_clutch transmission and awd drivetrain, and it needs to fit seating for 2, 3 kids, no pets. Primary use cases are cargo, animals, so cargo is low priority and my maintenance priority is low cost. Must-haves: leather seats, wireless charging, roof rack, keyless entry. Nice-to-haves: lane departure warning, android auto, sunroof. Please avoid: premium audio, adaptive cruise control. I prefer brown exterior, and I’m explicitly not shopping for sedan body styles.",,
prompt_443,"I want an AWD crossover that handles winter well, but I don’t want the added complexity or maintenance of AWD systems.",,
prompt_444,"I’m looking for a 2013+ Kia Niro in the truck category, located within 30 miles of Miami, FL. Budget is under $42,000, with under 60,000 miles. It should be plug-in hybrid-powered, have a dual-clutch transmission and FWD drivetrain. Primary use will be city driving, cargo hauling, commuting, and ownership costs should stay luxury-acceptable. Must-have features include leather seats, heated seats, roof rack; nice to have panoramic roof, Apple CarPlay, remote start, and I want to avoid adaptive cruise control. Preferred exterior colors are brown.",,
prompt_445,"I’m looking for a RAV4 Hybrid, under $34k, with Apple CarPlay.",,
prompt_446,"I’m looking for a 2013+ Kia Niro in the truck category, located within 25 miles of Des Moines, IA. Budget is under $18,000, with low mileage. It should be electric-powered, have a dual-clutch transmission and RWD drivetrain. Primary use will be commuting, and ownership costs should stay balanced. Must-have features include roof rack, remote start; nice to have heated steering wheel, third-row seating, backup camera, and I want to avoid sunroof. Preferred exterior colors are green, gray.",,
prompt_447,"I want a Lexus RX, under $39k, with FWD and heated steering wheel.",,
prompt_448,"I want a Subaru BRZ, under $34k, with rear-wheel drive and sporty handling.",,
prompt_449,"I’m not doing heavy work, but a truck would help sometimes, as long as it stays under $29,000.",,
prompt_450,"I want a Toyota Tacoma, automatic, under $34k, with 4WD and tow package.",,
prompt_451,"I’m looking for an Audi A4, under $35k, with quattro AWD.",,
prompt_452,"I want gas power, but not poor fuel economy, and I want it under $27k.",,
prompt_453,"I mostly drive in the city, so a compact sedan or hatchback makes the most sense, and I really don’t care about performance at all.",,
prompt_454,"I’m trying to be practical, but I do care about comfort and tech. I’m looking for a 2021–2022 Mazda Mazda3 as my next coupe within 15 miles of Summerlin (Las Vegas), and I want it between $30,000 and $40,000 with under 100,000 miles; no more than 3 owners. It should be diesel with a dual_clutch transmission and awd drivetrain, and it needs to fit seating for 8, 3 kids, no pets. Primary use cases are off_road, work, budget_value, so I want hatch access for loading and my maintenance priority is low cost. Must-haves: lane departure warning, blind spot monitoring, third row seating. Nice-to-haves: adaptive cruise control, leather seats, heated steering wheel. Please avoid: sunroof, memory seats, built in navigation. I prefer silver or blue exterior, and I’m explicitly not shopping for wagon body styles.",,
prompt_455,"I’m optimizing for daily usability and low hassle ownership. I’m looking for a 2020–2023 Kia Sportage as my next wagon and I want it under $22,000 with under 50,000 miles; owners not a major concern. It should be gas with a cvt transmission and 4wd drivetrain, and it needs to fit seating for 2, 3 kids, no pets. Primary use cases are budget_value, work, luxury, so cargo matters a lot and my maintenance priority is balanced. Must-haves: android auto, premium audio, remote start, wireless charging. Nice-to-haves: heated steering wheel, sunroof. Please avoid: third row seating, rear parking sensors. I prefer brown exterior, and I’m explicitly not shopping for sedan, convertible, coupe body styles.",,
prompt_456,"I need a family vehicle that works for daily driving and trips, preferably under $40k.",,
prompt_457,"I’m searching for a Chevrolet Camaro, under $37k, automatic, with performance features.",,
prompt_458,"I’m searching for a luxury crossover with AWD, under $42k, with a comfortable interior.",,
prompt_459,"Comfortable commuter with modern features, under $29k.",,
prompt_460,"I’m looking for dependability, but not a bland or outdated-feeling car.",,
prompt_461,"I want AWD, but not AWD meant for off-roading, and it’s mainly for winter weather.",,
prompt_462,"I want a small SUV that's easy to get in and out of, has good visibility, and enough cargo space for groceries and weekend errands. Prefer something newer than 2017.",,
prompt_463,"Can you find me a Toyota with under 150,000 miles and priced under $5,000? Minor repairs are acceptable as long as they are not engine-related.",,
prompt_464,"I’m looking for a 2020+ Chevrolet Colorado in the hatchback category, located within 20 miles of El Paso, TX. Budget is under $22,000, with low mileage. It should be electric-powered, have a automatic transmission and AWD drivetrain. Primary use will be outdoor trips, and ownership costs should stay performance-oriented. Must-have features include leather seats, roof rack, blind spot monitoring; nice to have wireless charging. Preferred exterior colors are gray, blue.",,
prompt_465,"I’m looking for a 2017+ Subaru Crosstrek in the hatchback category, located within 15 miles of Atlanta, GA. Budget is under $28,000, with moderate mileage. It should be diesel-powered, have a automatic transmission and RWD drivetrain. Primary use will be outdoor trips, commuting, city driving, and ownership costs should stay luxury-acceptable. Must-have features include premium audio, blind spot monitoring, leather seats, heated seats; nice to have adaptive cruise control, panoramic roof, remote start, and I want to avoid roof rack. Preferred exterior colors are blue.",,
prompt_466,"I’m looking for a 2020+ Ford F-150 in the coupe category, located within 20 miles of Philadelphia, PA. Budget is under $22,000, with moderate mileage. It should be hybrid-powered, have a automatic transmission and FWD drivetrain. Primary use will be family use, and ownership costs should stay balanced. Must-have features include remote start, roof rack; nice to have wireless charging, Android Auto, and I want to avoid heated steering wheel. Preferred exterior colors are blue, silver.",,
prompt_467,"I want the best value option, but not at the cost of reliability.",,
prompt_468,"I’m interested in a Ford Mustang, under $38k, but fuel economy matters.",,
prompt_469,"I’m looking for a 2020 Toyota Camry, automatic, under $27k, with Apple CarPlay and heated seats, because I want a reliable but comfortable sedan.",,
prompt_470,"I’m looking for reliability and comfort together, not an ultra-basic setup, budget around $26k.",,
prompt_471,I want an SUV-style vehicle but nothing that feels bulky or hard to maneuver.,,
prompt_472,"I’m looking for a sporty sedan with high horsepower and excellent gas mileage, while also keeping insurance and maintenance cheap.",,
prompt_473,"I’m looking for a smart purchase that doesn’t feel like settling, budget around $27k.",,
prompt_474,"I’d prefer something compact but useful, and keeping the budget under $26,000 is important.",,
prompt_475,"I’m interested in a Ford Maverick, automatic, under $30k, with hybrid powertrain and Apple CarPlay.",,
prompt_476,"I need a reliable car for a college student. Good gas mileage, affordable insurance, and a clean title are must-haves. Budget around $10,000.",,
prompt_477,"I’m looking for a 2014+ BMW 3 Series in the wagon category, located within 40 miles of Evanston, IL. Budget is under $18,000, with under 40,000 miles. It should be diesel-powered, have a automatic transmission and RWD drivetrain. Primary use will be road trips, cargo hauling, family use, and ownership costs should stay low-cost. Must-have features include blind spot monitoring, leather seats, heated steering wheel; nice to have premium audio, Apple CarPlay, and I want to avoid Android Auto, remote start. Preferred exterior colors are white, red.",,
prompt_478,"I need a car that fits city life well, and while I don’t care much about performance, I do want decent tech like CarPlay, all while staying under $20k.",,
prompt_479,I want modern amenities that improve daily comfort.,,
prompt_480,"I’m being pretty picky on specs because I plan to keep it for years. I’m looking for a 2015–2021 Kia Niro as my next suv and I want it between $12,000 and $22,000 with under 120,000 miles; one-owner. It should be plug_in_hybrid with a automatic transmission and rwd drivetrain, and it needs to fit seating for 6, 3 kids, no pets. Primary use cases are travel, budget_value, towing, so cargo matters a lot and my maintenance priority is balanced. Must-haves: tow package, remote start, sunroof. Nice-to-haves: apple carplay, front parking sensors. Please avoid: lane departure warning. I prefer brown exterior, and I’m explicitly not shopping for truck, hatchback, wagon body styles.",,
prompt_481,I’m focused on comfort and space for passengers rather than performance.,,
prompt_482,"I’m interested in a commuter-first car that isn’t meant for heavy use, under $29k.",,
prompt_483,I’m looking for something affordable that still feels like a good purchase.,,
prompt_484,I want something that fits family life without being overly complicated.,,
prompt_485,"I don’t drive a ton, but when I do I want it to feel smooth and quiet, so a sedan with decent features would be ideal.",,
prompt_486,"I’m interested in a Ford Ranger, under $32k, for light work.",,
prompt_487,"Sedan with premium feel but still reliable, leather seats, apple carplay, under $32k.",,
prompt_488,"I’m looking for reasonable cargo room, not something meant for heavy-duty hauling, and I want to stay under $30k.",,
prompt_489,"I’ve got kids and gear, so cargo space is key, but I still want something under $35,000.",,
prompt_490,I'm looking for a 1967–1969 Camaro. Preferably LS swapped and with a complete interior. My budget is $30k–$50k.,,
prompt_491,"I don’t need a performance car, but I do want something that feels pleasant to drive, ideally under $32k with moderate mileage.",,
prompt_492,"I don’t need a luxury truck, just something that can haul stuff when needed.",,
prompt_493,"I’m being pretty picky on specs because I plan to keep it for years. I’m looking for a 2013–2020 Chevrolet Silverado 1500 as my next sedan and I want it between $13,000 and $28,000 with under 70,000 miles; owners not a major concern. It should be mild_hybrid with a cvt transmission and awd drivetrain, and it needs to fit seating for 2, 2 kids, no pets. Primary use cases are cargo, commute, so cargo is low priority and my maintenance priority is balanced. Must-haves: lane departure warning, apple carplay, blind spot monitoring, sunroof, heated seats. Nice-to-haves: remote start, backup camera, leather seats, built in navigation. Please avoid: tow package, panoramic roof. I prefer green or blue exterior, and I’m explicitly not shopping for coupe, suv body styles.",,
prompt_494,"I want a 2009–2016 Audi R8 V10 pushing between 750–900 WHP and the ability to use race fuel. It must be 100% track capable, and all aftermarket upgrades should be installed at the same shop. Color does not matter, but white with black trim is preferred. Touchscreen is preferred but not required. Mileage should be below 80k.",,
prompt_495,"I’m looking for a light-duty truck that balances work and daily driving, ideally under $28,000.",,
prompt_496,"I’m looking for a 2018+ Toyota RAV4 in the crossover category, located within 10 miles of Hoboken, NJ. Budget is under $25,000, with low mileage. It should be gas-powered, have a CVT transmission and 4WD drivetrain. Primary use will be commuting, cargo hauling, and ownership costs should stay balanced. Must-have features include Android Auto, remote start; nice to have panoramic roof, sunroof. Preferred exterior colors are gray.",,
prompt_497,"Sporty coupe for pleasure driving, RWD preferred, under $40k.",,
prompt_498,"I want something versatile without being huge, so a wagon or hatchback under $30k, preferably with a roof rack, feels like the right balance.",,
prompt_499,"I’m interested in a Ford Mustang, automatic, under $38k, with modern infotainment.",,
prompt_500,"Small crossover for commuting and travel, AWD preferred, under $30k, mileage under 80k.",,
prompt_501,"I want something that feels comfortable and modern, but also stays practical, so a hatchback or small sedan under $25k with mileage under 90,000 would be ideal.",,
prompt_502,"Reliable truck for weekend projects, under $29k, prefer silver or white.",,
prompt_503,"I’m looking for a 2019+ Kia Telluride in the suv category, located within 20 miles of Carson City, NV. Budget is under $18,000, with under 80,000 miles. It should be electric-powered, have a CVT transmission and AWD drivetrain. Primary use will be commuting, and ownership costs should stay luxury-acceptable. Must-have features include heated steering wheel, Apple CarPlay, tow package; nice to have wireless charging, adaptive cruise control, and I want to avoid sunroof. Preferred exterior colors are green.",,
prompt_504,"I’m focused on a comfortable sedan for everyday driving, and I’m really not looking for something tall or bulky, ideally under $27k.",,
prompt_505,"I’m open to a plug-in hybrid if it keeps costs down, as long as it’s under $34k.",,
prompt_506,"I’m looking for a 2015+ Volkswagen Golf GTI in the hatchback category, located within 10 miles of Austin, TX. Budget is under $18,000, with under 100,000 miles. It should be gas-powered, have a dual-clutch transmission and RWD drivetrain. Primary use will be outdoor trips, pets, and ownership costs should stay balanced. Must-have features include blind spot monitoring, heated steering wheel, Android Auto, tow package; nice to have adaptive cruise control, and I want to avoid Apple CarPlay. Preferred exterior colors are gray, black.",,
prompt_507,"I’m interested in an Audi A6, under $40k, automatic, with premium audio and leather seats.",,
prompt_508,"I’m looking for a CX-5, under $30k, in blue or red.",,
prompt_509,"I want something that feels well-balanced for daily driving, staying under $30,000.",,
prompt_510,"Under $28k, balanced maintenance priority, mileage moderate.",,
prompt_511,"I’ve got kids and pets, so flexibility and space are really important to me.",,
prompt_512,"I really value modern features like CarPlay and safety tech, but I still need to keep the budget around $28,000.",,
prompt_513,I care about convenience features that make everyday driving easier.,,
prompt_514,"Family-focused crossover, safety features important, under $33k.",,
prompt_515,"I’m specifically looking for a Toyota Camry from 2019 or newer, automatic only, under $28,000, with Apple CarPlay and heated seats, because I want something dependable but still comfortable.",,
prompt_516,"I need good cargo space, but not a vehicle that feels oversized to drive.",,
prompt_517,"I want a hatchback because I like having cargo space without driving something huge, and I want to stay under about twenty-four thousand.",,
prompt_518,"Crossover for animals and travel, cargo priority high, fold-flat seats required.",,
prompt_519,"I want an extremely reliable vehicle, but I don’t want something boring or predictable.",,
prompt_520,"I want a Ford Maverick gas version, under $30k, with Apple CarPlay.",,
prompt_521,"I’m searching for a Honda Insight, under $28k, automatic, with adaptive cruise control.",,
prompt_522,"I’m sticking with gas power for simplicity, and I’m looking for something reliable under $22k.",,
prompt_523,I want something that makes family trips easier and more comfortable.,,
prompt_524,"I’m looking for a Toyota sedan, but not a Corolla, automatic only, and I want it under $28k with Apple CarPlay because this will be my daily commuter.",,
prompt_525,"I don’t need excitement, just a smooth and confident drive.",,
prompt_526,"I want a compact wagon that feels reliable and useful, especially for travel, but I don’t want to go above $32,000.",,
prompt_527,"I want a brand-new feeling vehicle, but I’m shopping on a tight used-car budget.",,
prompt_528,I want a vehicle that blends into my life without drama.,,
prompt_529,"Panoramic roof nice to have, under $38k.",,
prompt_530,"I’m looking for a 2013+ Toyota Highlander in the wagon category, located within 30 miles of Scottsdale, AZ. Budget is under $22,000, with under 80,000 miles. It should be electric-powered, have a automatic transmission and AWD drivetrain. Primary use will be pets, cargo hauling, and ownership costs should stay performance-oriented. Must-have features include backup camera, adaptive cruise control; nice to have panoramic roof. Preferred exterior colors are black.",,
prompt_531,"I want a vehicle that’s excellent for long ownership, but I don’t plan to keep it long.",,
prompt_532,"I’m not focused on performance, but I do want a smooth and comfortable ride under $32k.",,
prompt_533,"I’m interested in modern safety tech, but I don’t want the car constantly intervening while I drive, budget around $33k.",,
prompt_534,"I don’t need a luxury truck, but I do want something dependable, under $35k, that can handle occasional hauling.",,
prompt_535,"I want a Tesla Model 3, under $38k, with low mileage and heated seats.",,
prompt_536,"I’m trying to be practical, but I do care about comfort and tech. I’m looking for a 2019–2024 Tesla Model 3 as my next truck within 25 miles of North Las Vegas, NV, and I want it between $12,000 and $22,000 with very high mileage; owners not a major concern. It should be electric with a dual_clutch transmission and rwd drivetrain, and it needs to fit seating for 7, 2 kids, 2 pets. Primary use cases are rideshare, animals, cargo, so cargo matters a lot and my maintenance priority is performance first. Must-haves: sunroof, lane departure warning, premium audio. Nice-to-haves: adaptive cruise control, keyless entry. Please avoid: ventilated seats. I prefer white exterior, and I’m explicitly not shopping for sedan, crossover body styles.",,
prompt_537,"I’ve decided I don’t want an SUV anymore, so I’m leaning toward a hatchback or sedan that’s easy to park and not expensive to maintain.",,
prompt_538,I'd like an all-wheel-drive vehicle that handles well in bad weather and feels secure year-round. Budget is flexible depending on condition.,,
prompt_539,"I’m optimizing for daily usability and low hassle ownership. I’m looking for a 2021–2024 Kia Telluride as my next crossover and I want it under $22,000 with under 70,000 miles; 2 owners max. It should be electric with a dual_clutch transmission and awd drivetrain, and it needs to fit seating for 5, no kids, 1 pet. Primary use cases are rideshare, towing, so cargo matters a lot and my maintenance priority is performance first. Must-haves: memory seats, leather seats, ventilated seats, lane departure warning. Nice-to-haves: remote start, tow package, lane keep assist. Please avoid: blind spot monitoring, premium audio. I prefer red or green exterior, and I’m explicitly not shopping for wagon, sedan, coupe body styles.",,
prompt_540,"I want something sporty, but not a performance-only car, and I need it under $35k so it still makes financial sense.",,
prompt_541,"I’m looking for a 2015+ Ford Maverick in the hatchback category, located within 15 miles of Brooklyn, NY. Budget is under $18,000, with moderate mileage. It should be electric-powered, have a CVT transmission and 4WD drivetrain. Primary use will be family use, road trips, city driving, and ownership costs should stay luxury-acceptable. Must-have features include Apple CarPlay, third-row seating, remote start, sunroof; nice to have wireless charging, blind spot monitoring, and I want to avoid Android Auto. Preferred exterior colors are green.",,
prompt_542,"I’m being pretty picky on specs because I plan to keep it for years. I’m looking for a 2018–2024 Kia Telluride as my next crossover within 25 miles of Henderson, NV, and I want it between $39,000 and $45,000 with under 90,000 miles; owners not a major concern. It should be diesel with a cvt transmission and rwd drivetrain, and it needs to fit seating for 8, 1 kid, no pets. Primary use cases are luxury, rideshare, so cargo is low priority and my maintenance priority is performance first. Must-haves: lane departure warning, keyless entry, memory seats. Nice-to-haves: built in navigation, wireless charging. Please avoid: rear parking sensors, roof rack, lane keep assist. I prefer silver exterior, and I’m explicitly not shopping for hatchback body styles.",,
prompt_543,"I want something that makes sense on paper, but feels special in practice.",,
prompt_544,"I spend most of my time commuting and occasionally traveling on weekends, so I want something comfortable and efficient, ideally a sedan or hatchback under $25,000 with reasonable mileage.",,
prompt_545,"I’m looking for a Porsche Macan, under $45k, automatic, with performance focus and premium interior.",,
prompt_546,I want a rear-wheel drive sports car that’s very safe in snow and bad weather.,,
prompt_547,"Wagon for long trips, premium audio nice to have, under $34k, 2018+.",,
prompt_548,"I’m looking for a truck mostly for weekend projects, not heavy-duty work.",,
prompt_549,"I’m prioritizing features that make everyday driving easier. I’m looking for a 2017–2023 Hyundai Kona Electric as my next crossover within 25 miles of Henderson, NV, and I want it between $18,000 and $30,000 with under 90,000 miles; no more than 3 owners. It should be electric with a manual transmission and 4wd drivetrain, and it needs to fit seating for 2, 2 kids, no pets. Primary use cases are rideshare, work, so cargo matters a lot and my maintenance priority is balanced. Must-haves: blind spot monitoring, android auto, rear parking sensors, keyless entry, lane departure warning. Nice-to-haves: lane keep assist, sunroof. Please avoid: tow package. I prefer green exterior, and I’m explicitly not shopping for sedan, suv body styles.",,
prompt_550,"I want a Subaru Outback, AWD, under $30k, with roof rack and heated seats.",,
prompt_551,"I want a hybrid, but not a plug-in hybrid, and I want it to feel normal to drive.",,
prompt_552,"I’m looking for a 2018+ Lexus RX in the suv category, located within 30 miles of Detroit, MI. Budget is under $30,000, with under 100,000 miles. It should be gas-powered, have a manual transmission and FWD drivetrain. Primary use will be outdoor trips, commuting, and ownership costs should stay performance-oriented. Must-have features include leather seats, sunroof; nice to have backup camera, heated steering wheel, and I want to avoid Apple CarPlay, wireless charging. Preferred exterior colors are gray, brown.",,
prompt_553,"Rear parking sensors required, under $29k.",,
prompt_554,I want the best value I can get without overspending.,,
prompt_555,"I’m being pretty picky on specs because I plan to keep it for years. I’m looking for a 2020–2025 Hyundai Sonata as my next suv and I want it between $20,000 and $32,000 with very high mileage; 2 owners max. It should be plug_in_hybrid with a dual_clutch transmission and fwd drivetrain, and it needs to fit seating for 6, 3 kids, no pets. Primary use cases are commute, rideshare, family, so I want hatch access for loading and my maintenance priority is balanced. Must-haves: heated seats, backup camera, built in navigation, apple carplay. Nice-to-haves: rear parking sensors, blind spot monitoring. Please avoid: front parking sensors, heated steering wheel. I prefer brown exterior, and I’m explicitly not shopping for coupe body styles.",,
prompt_556,"I want a newer car, but I also want the lowest possible purchase price.",,
prompt_557,"Wagon for cargo and travel, roof rack required, under $32k, mileage low or moderate.",,
prompt_558,"I want heated seats and a heated steering wheel, but I don’t want any unnecessary comfort or luxury features.",,
prompt_559,"I want something compact but versatile, not a truck or SUV, just something that fits city life.",,
prompt_560,"I’m prioritizing features that make everyday driving easier. I’m looking for a 2022 Toyota Camry as my next suv and I want it under $32,000 with very low mileage; owners not a major concern. It should be plug_in_hybrid with a cvt transmission and awd drivetrain, and it needs to fit seating for 6, 3 kids, no pets. Primary use cases are animals, luxury, so cargo is moderate and my maintenance priority is performance first. Must-haves: lane keep assist, memory seats, blind spot monitoring, tow package, front parking sensors. Nice-to-haves: sunroof, keyless entry, heated seats, built in navigation. Please avoid: rear parking sensors. I prefer green or red exterior, and I’m explicitly not shopping for convertible, crossover body styles.",,
prompt_561,"I’m looking for a 2022+ Nissan Leaf in the sedan category, located within 40 miles of San Francisco, CA. Budget is under $22,000, with under 60,000 miles. It should be diesel-powered, have a dual-clutch transmission and RWD drivetrain. Primary use will be cargo hauling, and ownership costs should stay low-cost. Must-have features include roof rack, premium audio, remote start, backup camera; nice to have heated steering wheel. Preferred exterior colors are red.",,
prompt_562,"I’m looking for a Civic Hatchback, under $26k, in white.",,
prompt_563,"I’m looking for a 2016+ Hyundai Sonata in the suv category, located within 20 miles of Cambridge, MA. Budget is under $22,000, with under 40,000 miles. It should be diesel-powered, have a automatic transmission and FWD drivetrain. Primary use will be cargo hauling, road trips, and ownership costs should stay luxury-acceptable. Must-have features include heated seats, adaptive cruise control; nice to have tow package, and I want to avoid remote start. Preferred exterior colors are white, gray.",,
prompt_564,"I want a vehicle that ages gracefully, without relying on cutting-edge features, under $33k.",,
prompt_565,"Under $35k, one-owner preferred, under 60k miles.",,
prompt_566,"I’m interested in improving fuel economy, which is why I’m considering a hybrid under $30k.",,
prompt_567,I’m fine with a basic truck as long as it gets the job done.,,
prompt_568,"I’m prioritizing features that make everyday driving easier. I’m looking for a 2019–2020 Ford F-150 as my next minivan within 10 miles of Las Vegas, NV, and I want it between $30,000 and $38,000 with under 40,000 miles; owners not a major concern. It should be plug_in_hybrid with a manual transmission and 4wd drivetrain, and it needs to fit seating for 7, 2 kids, no pets. Primary use cases are towing, off_road, so cargo matters a lot and my maintenance priority is low cost. Must-haves: front parking sensors, memory seats, remote start. Nice-to-haves: heated seats, android auto, roof rack. Please avoid: sunroof, tow package. I prefer white or black exterior, and I’m explicitly not shopping for suv, hatchback, wagon body styles.",,
prompt_569,"I want a performance-oriented car that’s fun to drive, but I also need it to be very reliable and inexpensive to maintain.",,
prompt_570,"Front and rear parking sensors required, under $33k.",,
prompt_571,"I’m interested in a car that feels up to date, but not trendy or flashy, under $30k.",,
prompt_572,"Sedan only, no SUVs or trucks, automatic, budget max $25k strict, heated seats required, avoid sunroof.",,
prompt_573,"I’m looking for a 2020 Toyota Camry, automatic, under $27k, with Apple CarPlay but no heated seats, and I’d prefer a lighter interior.",,
prompt_574,I just want a car that fits my life and doesn’t make things harder.,,
prompt_575,"I’m interested in a manageable daily driver, not something that requires extra effort to drive, under $30k.",,
prompt_576,"I’m interested in an SUV, but not a full-size SUV, and I need it to be easy to park in the city.",,
prompt_577,I’m looking for a plug-in hybrid that I never have to plug in and still get great efficiency.,,
prompt_578,I’m curious about mild hybrids but still want something familiar to drive.,,
prompt_579,"I’m looking for an Accord Sport, under $27k, with blind spot monitoring.",,
prompt_580,"I am looking for a 2015–2020 Honda Odyssey Touring edition with foldable back seats, sliding doors, and a drop-down movie player. It needs to be under 80,000 miles and priced under $20,000.",,
prompt_581,"I want a Corolla, under $22k, but comfort features matter more than fuel economy.",,
prompt_582,"I’m prioritizing features that make everyday driving easier. I’m looking for a 2013–2019 Audi A4 as my next crossover within 50 miles of Henderson, NV, and I want it between $10,000 and $20,000 with does not matter mileage; 2 owners max. It should be plug_in_hybrid with a cvt transmission and fwd drivetrain, and it needs to fit seating for 2, 1 kid, 2 pets. Primary use cases are animals, budget_value, luxury, so cargo is moderate and my maintenance priority is luxury ok. Must-haves: keyless entry, remote start, roof rack, tow package. Nice-to-haves: leather seats, ventilated seats. Please avoid: wireless charging. I prefer red or green exterior, and I’m explicitly not shopping for sedan body styles.",,
prompt_583,"I want a practical car that’s easy to maintain, but I want it to feel emotionally exciting.",,
prompt_584,"I’m being pretty picky on specs because I plan to keep it for years. I’m looking for a 2015–2020 Toyota Tacoma as my next hatchback within 40 miles of Las Vegas, NV, and I want it between $20,000 and $30,000 with very high mileage; one-owner. It should be electric with a manual transmission and rwd drivetrain, and it needs to fit seating for 4, no kids, no pets. Primary use cases are towing, family, animals, so cargo is low priority and my maintenance priority is luxury ok. Must-haves: third row seating, backup camera, lane departure warning. Nice-to-haves: panoramic roof, tow package. Please avoid: keyless entry. I prefer black exterior, and I’m explicitly not shopping for crossover, sedan, truck body styles.",,
prompt_585,"I’m looking for something inexpensive, but I want top-tier materials and comfort.",,
prompt_586,"I’m prioritizing features that make everyday driving easier. I’m looking for a 2016–2021 Subaru Crosstrek as my next coupe within 25 miles of Henderson, NV, and I want it between $10,000 and $25,000 with under 80,000 miles; one-owner. It should be electric with a dual_clutch transmission and awd drivetrain, and it needs to fit seating for 5, 3 kids, 1 pet. Primary use cases are rideshare, pleasure, so I need fold-flat rear seats and my maintenance priority is balanced. Must-haves: leather seats, backup camera, third row seating, keyless entry, remote start. Nice-to-haves: panoramic roof, lane departure warning, roof rack. Please avoid: memory seats, front parking sensors, premium audio. I prefer gray exterior, and I’m explicitly not shopping for crossover body styles.",,
prompt_587,I want an EV that feels exactly like a gas car in every way.,,
prompt_588,"I’m looking for a 2015+ Mazda CX-5 in the minivan category, located within 25 miles of Reno, NV. Budget is under $18,000, with under 100,000 miles. It should be diesel-powered, have a CVT transmission and AWD drivetrain. Primary use will be commuting, and ownership costs should stay balanced. Must-have features include remote start, leather seats, Android Auto; nice to have heated steering wheel, sunroof. Preferred exterior colors are gray, black.",,
prompt_589,"I do some light hauling and home projects, so having a truck would be useful, but I don’t need anything huge.",,
prompt_590,"I need a reliable car that won’t be expensive to maintain, under $24k.",,
prompt_591,"I’m prioritizing features that make everyday driving easier. I’m looking for a 2014–2019 Kia Telluride as my next truck and I want it under $22,000 with under 110,000 miles; no more than 3 owners. It should be diesel with a dual_clutch transmission and awd drivetrain, and it needs to fit seating for 4, 2 kids, no pets. Primary use cases are animals, cargo, travel, so cargo matters a lot and my maintenance priority is balanced. Must-haves: lane keep assist, blind spot monitoring, leather seats, third row seating, front parking sensors. Nice-to-haves: heated steering wheel, apple carplay. Please avoid: sunroof, ventilated seats, android auto. I prefer blue exterior, and I’m explicitly not shopping for hatchback, coupe body styles.",,
prompt_592,I’m looking for an off-road capable vehicle that still gets great highway fuel economy.,,
prompt_593,"Vehicle for three kids, must have third row seating, under $45k.",,
prompt_594,"I’m being pretty picky on specs because I plan to keep it for years. I’m looking for a 2022 Hyundai Sonata as my next convertible and I want it under $35,000 with under 50,000 miles; no more than 3 owners. It should be diesel with a manual transmission and awd drivetrain, and it needs to fit seating for 2, 3 kids, 1 pet. Primary use cases are commute, off_road, pleasure, so cargo is moderate and my maintenance priority is balanced. Must-haves: premium audio, apple carplay, rear parking sensors, ventilated seats, android auto. Nice-to-haves: wireless charging, heated steering wheel, lane departure warning, backup camera. Please avoid: panoramic roof, adaptive cruise control. I prefer white or red exterior, and I’m explicitly not shopping for coupe body styles.",,
prompt_595,"I want a simple daily driver that’s efficient and manageable, not something designed for off-road use, with a cap of $26k.",,
prompt_596,"I’m looking for a 2018+ Toyota Highlander in the crossover category, located within 20 miles of Santa Cruz, CA. Budget is under $25,000, with under 100,000 miles. It should be diesel-powered, have a manual transmission and FWD drivetrain. Primary use will be family use, road trips, and ownership costs should stay low-cost. Must-have features include Apple CarPlay, Android Auto, premium audio, panoramic roof; nice to have heated steering wheel, third-row seating, heated seats. Preferred exterior colors are blue.",,
prompt_597,"I’m looking for an Audi A4, under $35k, without AWD.",,
prompt_598,"Vehicle with premium audio and built-in navigation, under $40k.",,
prompt_599,"I’m looking for a RAV4, but not the hybrid version, and I want good reliability under $32k.",,
prompt_600,Looking for a pro-touring Tri-Five Chevy. Fuel-injected drivetrain with a 4-link suspension. I need it to be show quality and turnkey. A frame-off restoration ideally. My budget is $60k–$90k.,,
prompt_601,"Looking for a cute camper van with an automatic transmission. Preferred colors are yellow, pink, or green. It should have a cute steering wheel and interior. Budget is $20,000.",,
prompt_602,"I’m looking for an electric crossover, ideally a Tesla Model Y, under $42k, with AWD and modern tech.",,
prompt_603,"I like good tech but don’t want it overcomplicated, so something modern under $30k would be ideal.",,
prompt_604,"I want wireless charging and connectivity, but I don’t want extra electronics.",,
prompt_605,I'd like a vehicle that's comfortable for long drives and has good sound insulation. A smooth suspension matters more than sporty handling.,,
prompt_606,"I want a budget-friendly vehicle, but I want it to feel premium in every way.",,
prompt_607,"I want a pickup that’s practical for weekend projects, and as long as it’s under $32k and not too old, that works for me.",,
prompt_608,I value comfort features more than performance upgrades.,,
prompt_609,"I want a Mercedes-Benz GLC, automatic, under $40k, with heated seats and modern safety tech.",,
prompt_610,I’m looking for a sensible choice that still feels indulgent.,,
prompt_611,I just want a simple automatic car that’s newer than what I have now and doesn’t feel outdated.,,
prompt_612,"I want something that’s affordable and sensible, without feeling like a compromise, under $28k.",,
prompt_613,"I want an SUV-style vehicle that’s easy to drive every day, but still roomy enough for trips, and I’d like to keep it under $35k.",,
prompt_614,"I want something that feels planted and sporty, but also very soft and floaty.",,
prompt_615,"I’m interested in a Chevy Bolt EV, under $28k, but only if it has fast charging support.",,
prompt_616,"I care about long-term reliability, but daily comfort still matters to me.",,
prompt_617,"I have a small family, so comfort and space matter, and I’m hoping to find something under $38,000.",,
prompt_618,"I’m optimizing for daily usability and low hassle ownership. I’m looking for a 2019–2020 Toyota RAV4 as my next hatchback within 40 miles of Las Vegas, NV, and I want it between $38,000 and $50,000 with under 90,000 miles; no more than 3 owners. It should be diesel with a automatic transmission and rwd drivetrain, and it needs to fit seating for 7, no kids, no pets. Primary use cases are towing, family, so cargo is low priority and my maintenance priority is balanced. Must-haves: rear parking sensors, apple carplay, keyless entry, roof rack. Nice-to-haves: wireless charging, panoramic roof. Please avoid: heated steering wheel, android auto. I prefer white exterior, and I’m explicitly not shopping for wagon body styles.",,
prompt_619,"I want something practical and comfortable, nothing sporty, just a solid daily driver that stays within a reasonable budget.",,
prompt_620,"I want a Lexus RX, under $39k, with AWD and heated steering wheel.",,
prompt_621,"I’m open to a wagon if it gives me more space, especially for trips, but I don’t want an SUV.",,
prompt_622,"I’m looking for a Ford F-150 for light work, automatic, under $35k, with tow package and backup camera as required features.",,
prompt_623,"I’m looking for a Chrysler Pacifica, under $37k, with fold-flat seats and modern infotainment.",,
prompt_624,"I’m looking for a 2021+ Lexus RX in the coupe category, located within 50 miles of Charlotte, NC. Budget is under $42,000, with under 100,000 miles. It should be gas-powered, have a automatic transmission and 4WD drivetrain. Primary use will be outdoor trips, cargo hauling, commuting, and ownership costs should stay low-cost. Must-have features include third-row seating, backup camera; nice to have premium audio, and I want to avoid Android Auto, roof rack. Preferred exterior colors are gray.",,
prompt_625,"Searching for a clean, straightforward commuter car that's reliable, easy to insure, and inexpensive to repair. Budget under $15,000.",,
prompt_626,"I’m looking for a 2015+ Subaru Crosstrek in the suv category, located within 15 miles of Indianapolis, IN. Budget is under $28,000, with moderate mileage. It should be diesel-powered, have a manual transmission and RWD drivetrain. Primary use will be pets, and ownership costs should stay balanced. Must-have features include backup camera, heated steering wheel, Android Auto, panoramic roof; nice to have premium audio, leather seats, adaptive cruise control. Preferred exterior colors are silver, black.",,
prompt_627,"I want a Ram 1500, automatic, under $36k, with crew cab and backup camera, because I need seating and utility.",,
prompt_628,"I’m looking for a 2014+ Kia Sportage in the coupe category, located within 40 miles of Detroit, MI. Budget is under $35,000, with moderate mileage. It should be electric-powered, have a manual transmission and RWD drivetrain. Primary use will be commuting, pets, and ownership costs should stay performance-oriented. Must-have features include tow package, leather seats, remote start; nice to have adaptive cruise control, premium audio, and I want to avoid heated seats. Preferred exterior colors are gray.",,
prompt_629,"I want a truck that’s useful without being overkill, and I’d prefer to keep mileage under 110,000.",,
prompt_630,"I’m looking for a 2015+ Mazda Mazda3 in the hatchback category, located within 50 miles of Ventura, CA. Budget is under $35,000, with moderate mileage. It should be hybrid-powered, have a dual-clutch transmission and RWD drivetrain. Primary use will be outdoor trips, cargo hauling, and ownership costs should stay performance-oriented. Must-have features include roof rack, adaptive cruise control, remote start; nice to have wireless charging, backup camera, sunroof, and I want to avoid heated seats. Preferred exterior colors are gray, silver.",,
prompt_631,I want a sedan under $30k with adaptive cruise control and blind spot monitoring.,,
prompt_632,"Gas-powered hatchback, under $20k, reliability priority high.",,
prompt_633,"I want a family vehicle with three rows of seating, but I don’t want anything that feels large or bulky.",,
prompt_634,I want something rugged enough for light work but still easy to live with.,,
prompt_635,"I want a car that’s perfect for family use, but I don’t ever want to drive kids or passengers.",,
prompt_636,"I want something city-friendly and easygoing, under $28k.",,
prompt_637,"I like the idea of a wagon for travel, especially if it has a roof rack for extra gear.",,
prompt_638,I want a family vehicle that feels safe and practical rather than sporty.,,
prompt_639,"Performance-oriented SUV, AWD, under $48k.",,
prompt_640,"I want a Mazda CX-5, AWD, under $31k, with Apple CarPlay and heated seats.",,
prompt_641,"I want something that makes sense financially, while still being comfortable, under $24k.",,
prompt_642,"I want a vehicle that balances comfort, reliability, and price under $32k.",,
prompt_643,"I want a fun rear-wheel drive coupe, under $40k.",,
prompt_644,"I care more about the overall driving experience than performance numbers, especially under $36k.",,
prompt_645,"I’m looking for a 2016+ Mazda CX-5 in the suv category, located within 30 miles of Sacramento, CA. Budget is under $38,000, with moderate mileage. It should be diesel-powered, have a dual-clutch transmission and FWD drivetrain. Primary use will be road trips, outdoor trips, commuting, and ownership costs should stay luxury-acceptable. Must-have features include heated steering wheel, tow package, blind spot monitoring, premium audio; nice to have remote start, roof rack, wireless charging. Preferred exterior colors are red, gray.",,
prompt_646,"I’m looking for a 2014+ Audi A4 in the crossover category, located within 40 miles of Savannah, GA. Budget is under $42,000, with low mileage. It should be hybrid-powered, have a manual transmission and AWD drivetrain. Primary use will be outdoor trips, and ownership costs should stay balanced. Must-have features include Apple CarPlay, premium audio, remote start; nice to have panoramic roof, leather seats, and I want to avoid wireless charging. Preferred exterior colors are white, red.",,
prompt_647,"I want something that works for school runs and travel, and as long as it’s under $36k and reliable, I’m open.",,
prompt_648,"I’m focused on long-term ease of ownership, not bare-minimum features, and I want to stay under $31k.",,
prompt_649,"I want a sedan or hatchback, but not an SUV, and I want it mainly for commuting.",,
prompt_650,"I want something that feels modern and well-equipped without being excessive. I’m looking for a 2016 Audi A4 as my next suv within 25 miles of North Las Vegas, NV, and I want it between $10,000 and $18,000 with very high mileage; owners not a major concern. It should be electric with a dual_clutch transmission and 4wd drivetrain, and it needs to fit seating for 5, no kids, no pets. Primary use cases are off_road, commute, so cargo is low priority and my maintenance priority is luxury ok. Must-haves: built in navigation, apple carplay, panoramic roof, sunroof, android auto. Nice-to-haves: roof rack, tow package. Please avoid: premium audio, front parking sensors, adaptive cruise control. I prefer brown or black exterior, and I’m explicitly not shopping for sedan, coupe, wagon body styles.",,
prompt_651,"I’m looking for a 2019+ Kia Niro in the wagon category, located within 40 miles of Missoula, MT. Budget is under $30,000, with under 60,000 miles. It should be hybrid-powered, have a CVT transmission and AWD drivetrain. Primary use will be city driving, cargo hauling, and ownership costs should stay balanced. Must-have features include sunroof, blind spot monitoring; nice to have panoramic roof, Apple CarPlay. Preferred exterior colors are brown, black.",,
prompt_652,"I want a car that feels nimble in daily use, without the size penalties of bigger vehicles, under $29k.",,
prompt_653,"I want something nice inside, just not something that comes with expensive upkeep, and I’m aiming for under $30k.",,
prompt_654,"I’m optimizing for daily usability and low hassle ownership. I’m looking for a 2019–2020 Toyota Camry as my next convertible and I want it under $32,000 with under 100,000 miles; no more than 3 owners. It should be gas with a dual_clutch transmission and fwd drivetrain, and it needs to fit seating for 5, 1 kid, 2 pets. Primary use cases are rideshare, animals, so I need fold-flat rear seats and my maintenance priority is performance first. Must-haves: keyless entry, adaptive cruise control, backup camera, sunroof, remote start. Nice-to-haves: tow package, front parking sensors, apple carplay. Please avoid: ventilated seats, roof rack. I prefer silver or white exterior, and I’m explicitly not shopping for suv, crossover body styles.",,
prompt_655,"I want a very new car with the latest tech, but I also want to pay a very low price.",,
prompt_656,"I’m leaning toward a crossover because it feels like a good compromise, and I’d like to keep mileage under 85,000 while staying under $34k.",,
prompt_657,"I’m looking for something understated and practical, not something flashy or attention-grabbing, budget around $28k.",,
prompt_658,"I’m interested in a versatile car, but not something oversized.",,
prompt_659,"I want a 2019 Honda Accord, automatic, under $26k, with adaptive cruise control and Apple CarPlay.",,
prompt_660,"I’m looking for a 2013+ Chevrolet Colorado in the coupe category, located within 30 miles of Ann Arbor, MI. Budget is under $42,000, with under 80,000 miles. It should be plug-in hybrid-powered, have a dual-clutch transmission and AWD drivetrain. Primary use will be road trips, cargo hauling, outdoor trips, and ownership costs should stay luxury-acceptable. Must-have features include tow package, Apple CarPlay; nice to have heated steering wheel, and I want to avoid blind spot monitoring. Preferred exterior colors are gray.",,
prompt_661,"I’m optimizing for daily usability and low hassle ownership. I’m looking for a 2018–2025 Chevrolet Bolt EV as my next minivan within 20 miles of Summerlin (Las Vegas), and I want it under $15,000 with under 70,000 miles; owners not a major concern. It should be mild_hybrid with a dual_clutch transmission and fwd drivetrain, and it needs to fit seating for 5, no kids, 2 pets. Primary use cases are animals, work, luxury, so cargo is low priority and my maintenance priority is balanced. Must-haves: keyless entry, heated seats, heated steering wheel, adaptive cruise control. Nice-to-haves: tow package, apple carplay, ventilated seats, panoramic roof. Please avoid: built in navigation. I prefer brown exterior, and I’m explicitly not shopping for truck, sedan, wagon body styles.",,
prompt_662,"I’m leaning toward a crossover because of the flexibility, and ideally it would be 2019 or newer and under $36,000.",,
prompt_663,"I want low purchase price and low running costs, but I want strong performance.",,
prompt_664,"I want a commuter car, but not a bare-bones commuter, and I want comfort features included.",,
prompt_665,"Searching for a reliable used truck that can handle light towing and home improvement runs. Doesn't need to be fancy, just solid and well maintained. Budget under $25,000.",,
prompt_666,I want a practical hatchback with fold-down rear seats for extra cargo flexibility. Interior condition matters more than exterior color.,,
prompt_667,"I’m looking for a calm and comfortable ride, not something tuned for aggressive driving, and my budget is around $27k.",,
prompt_668,"I want the best value I can get, balancing comfort and cost, ideally under $25k.",,
prompt_669,"I want a Toyota Tacoma, automatic transmission, under $34k, with 4WD and tow package, since I do occasional hauling.",,
prompt_670,"I like having extra space for groceries and trips, so a hatchback with fold-flat seats makes sense, and I’d like to keep mileage on the lower side and cost under $26k.",,
prompt_671,"I’m trying to be practical, but I do care about comfort and tech. I’m looking for a 2014–2017 Subaru Outback as my next crossover and I want it between $20,000 and $32,000 with under 30,000 miles; one-owner. It should be diesel with a automatic transmission and fwd drivetrain, and it needs to fit seating for 5, no kids, no pets. Primary use cases are work, budget_value, towing, so I want hatch access for loading and my maintenance priority is luxury ok. Must-haves: android auto, third row seating, leather seats, memory seats, built in navigation. Nice-to-haves: front parking sensors, backup camera, blind spot monitoring. Please avoid: heated steering wheel, panoramic roof, keyless entry. I prefer silver exterior, and I’m explicitly not shopping for suv, wagon body styles.",,
prompt_672,"I want an AWD SUV with great fuel economy and low maintenance costs, but I also want strong performance and to keep the price under $30,000.",,
prompt_673,I like the idea of an electric car for city driving since I don’t go very far most days.,,
prompt_674,"I’m looking for modern tech like big screens and advanced safety systems, but I want the interior to stay very simple.",,
prompt_675,"I’m okay sacrificing speed for comfort, which is why I’m focusing on practical options under $28k.",,
prompt_676,"I’m aiming for under $40k, but not luxury pricing, and I still want a comfortable interior.",,
prompt_677,"I want a Toyota GR86, under $35k, manual preferred.",,
prompt_678,"I want a stripped-down driving experience, but I want every modern convenience.",,
prompt_679,"Budget value vehicle under $15k, mileage high acceptable, reliability priority high.",,
prompt_680,"I want something that drives smoothly and predictably, without being a sporty or stiff setup, under $28k.",,
prompt_681,"I want to keep things simple with gas power, and I’m looking under $23,000.",,
prompt_682,"I’m looking for a 2020+ BMW 3 Series in the suv category, located within 15 miles of San Diego, CA. Budget is under $42,000, with under 100,000 miles. It should be gas-powered, have a CVT transmission and RWD drivetrain. Primary use will be cargo hauling, family use, and ownership costs should stay low-cost. Must-have features include tow package, premium audio; nice to have leather seats, adaptive cruise control, and I want to avoid backup camera, sunroof. Preferred exterior colors are black, gray.",,
prompt_683,"I want something that feels modern and well-equipped without being excessive. I’m looking for a 2013–2023 Chevrolet Silverado 1500 as my next sedan and I want it between $8,000 and $22,000 with under 60,000 miles; one-owner. It should be electric with a manual transmission and 4wd drivetrain, and it needs to fit seating for 5, no kids, 1 pet. Primary use cases are pleasure, animals, so cargo is low priority and my maintenance priority is low cost. Must-haves: lane departure warning, lane keep assist, rear parking sensors, heated steering wheel, premium audio. Nice-to-haves: ventilated seats, front parking sensors, sunroof, keyless entry. Please avoid: memory seats, third row seating, panoramic roof. I prefer brown exterior, and I’m explicitly not shopping for coupe body styles.",,
prompt_684,"I’m looking for something modern and comfortable, but I don’t want to deal with luxury-brand ownership costs, staying under $32k.",,
prompt_685,"I’m interested in an Audi Q5, AWD, under $37k, with premium audio and leather seats.",,
prompt_686,"I’m looking for a 2017+ Honda Accord in the minivan category, located within 25 miles of Seattle, WA. Budget is under $42,000, with under 40,000 miles. It should be gas-powered, have a CVT transmission and AWD drivetrain. Primary use will be outdoor trips, and ownership costs should stay performance-oriented. Must-have features include adaptive cruise control, heated steering wheel, premium audio; nice to have blind spot monitoring, backup camera, and I want to avoid sunroof, Apple CarPlay. Preferred exterior colors are red.",,
prompt_687,"I’m looking for a 2019+ Toyota Highlander in the crossover category, located within 20 miles of Atlanta, GA. Budget is under $18,000, with low mileage. It should be gas-powered, have a CVT transmission and RWD drivetrain. Primary use will be family use, pets, city driving, and ownership costs should stay balanced. Must-have features include Apple CarPlay, heated seats; nice to have backup camera, panoramic roof, and I want to avoid adaptive cruise control, wireless charging. Preferred exterior colors are silver, red.",,
prompt_688,"Sporty hatchback for commute and pleasure, under $26k, mileage moderate, prefer blue.",,
prompt_689,"I want something easy to live with for everyday driving, and if it’s newer than 2018 and under $30k, that would be perfect.",,
prompt_690,"I’m trying to be practical, but I do care about comfort and tech. I’m looking for a 2017–2021 Chevrolet Camaro as my next hatchback and I want it between $12,000 and $18,000 with under 30,000 miles; 2 owners max. It should be plug_in_hybrid with a cvt transmission and fwd drivetrain, and it needs to fit seating for 2, 3 kids, no pets. Primary use cases are towing, travel, animals, so cargo matters a lot and my maintenance priority is luxury ok. Must-haves: premium audio, keyless entry, android auto, heated steering wheel, built in navigation. Nice-to-haves: third row seating, front parking sensors, roof rack, heated seats. Please avoid: lane departure warning. I prefer red exterior, and I’m explicitly not shopping for crossover, wagon body styles.",,
prompt_691,"I’m looking for a 2015+ Audi A4 in the sedan category, located within 30 miles of Seattle, WA. Budget is under $18,000, with under 40,000 miles. It should be electric-powered, have a manual transmission and RWD drivetrain. Primary use will be family use, commuting, city driving, and ownership costs should stay low-cost. Must-have features include leather seats, backup camera, tow package, blind spot monitoring; nice to have remote start, heated steering wheel, wireless charging, and I want to avoid panoramic roof, adaptive cruise control. Preferred exterior colors are black, silver.",,
prompt_692,"I’m interested in a Mazda CX-5, AWD, automatic, under $31k, with heated seats and Apple CarPlay.",,
prompt_693,"I want good acceleration, but not if it hurts efficiency too much.",,
prompt_694,"I want a Honda CR-V, under $30k, with AWD and heated seats.",,
prompt_695,I'd like a comfortable daily driver with leather seats and a smooth ride. Something quiet on the highway would be ideal. Open to sedans or crossovers.,,
prompt_696,I care more about overall feel than numbers on paper.,,
prompt_697,"I’m looking for a Toyota GR86, manual or automatic, under $35k, with performance focus.",,
prompt_698,"I’m searching for a Volkswagen Golf GTI, automatic dual-clutch, under $34k, with leather seats and premium audio.",,
prompt_699,"I want a crossover, but not something oversized, and fuel economy should still be reasonable.",,
prompt_700,"I want a Mazda CX-5, AWD, under $31k, with Android Auto and heated seats.",,
prompt_701,"I’m looking for a Ford F-150, under $35k, with extended cab.",,
prompt_702,"I’m looking for something affordable, but not boring, and my cap is about $26,000.",,
prompt_703,"I’m interested in a workday car, but not a work truck.",,
prompt_704,"I’m interested in a Chevy Bolt EV, under $28k, for city driving.",,
prompt_705,"Memory seats and leather interior required, under $42k.",,
prompt_706,"I occasionally do home projects, so a truck would be useful, but since it’s not for heavy work I want something under $30,000 with reasonable mileage.",,
prompt_707,"Minivan for family travel, seating 7+, under $40k.",,
prompt_708,"I want modern safety features, but not a car that feels overly intrusive to drive.",,
prompt_709,"I want a Subaru with AWD, but not a lifted or off-road-focused one, and I want it under $30k.",,
prompt_710,"I want a distinctive vehicle, but I don’t want it to stand out at all.",,
prompt_711,"I want something that feels modern and well-equipped without being excessive. I’m looking for a 2013–2024 Lexus ES as my next minivan and I want it between $35,000 and $50,000 with under 70,000 miles; owners not a major concern. It should be plug_in_hybrid with a manual transmission and rwd drivetrain, and it needs to fit seating for 2, 2 kids, 1 pet. Primary use cases are rideshare, cargo, luxury, so cargo is moderate and my maintenance priority is balanced. Must-haves: panoramic roof, lane departure warning, roof rack. Nice-to-haves: memory seats, remote start. Please avoid: heated seats. I prefer silver exterior, and I’m explicitly not shopping for hatchback, truck, coupe body styles.",,
prompt_712,"Mid-size sedan for commute and travel, adaptive cruise control nice to have, under $28k, 2019+.",,
prompt_713,"I'm looking for a 1993 Mustang Cobra, teal metallic, all factory original. Low miles.",,
prompt_714,"I want a sunroof, but not a panoramic sunroof, and I’d prefer to keep the vehicle simple.",,
prompt_715,I'm in the market for an older vehicle that's been well cared for and has documented maintenance. Cosmetic flaws are okay if it runs well.,,
prompt_716,"Heated seats and heated steering wheel required, under $35k.",,
prompt_717,"I’m looking for a 2013+ Jeep Grand Cherokee in the truck category, located within 20 miles of Missoula, MT. Budget is under $42,000, with under 80,000 miles. It should be electric-powered, have a manual transmission and RWD drivetrain. Primary use will be pets, commuting, outdoor trips, and ownership costs should stay low-cost. Must-have features include roof rack, remote start, Android Auto, backup camera; nice to have wireless charging, Apple CarPlay, and I want to avoid third-row seating. Preferred exterior colors are brown.",,
prompt_718,"I’m prioritizing features that make everyday driving easier. I’m looking for a 2016–2022 Chevrolet Equinox as my next hatchback and I want it between $20,000 and $32,000 with under 40,000 miles; no more than 3 owners. It should be gas with a automatic transmission and rwd drivetrain, and it needs to fit seating for 8, no kids, no pets. Primary use cases are luxury, animals, so cargo is low priority and my maintenance priority is low cost. Must-haves: rear parking sensors, heated seats, front parking sensors, heated steering wheel, android auto. Nice-to-haves: roof rack, keyless entry, lane departure warning. Please avoid: remote start. I prefer silver exterior, and I’m explicitly not shopping for crossover, suv body styles.",,
prompt_719,"I want a reliable and safe car for a new driver. Automatic. Budget of $5,000. I need 4-wheel drive and airbags. I don't want it to have too much power so my teen is not tempted to speed.",,
prompt_720,"I want a crossover that fits everyday life but still works for travel, staying under $33k.",,
prompt_721,I’m looking for a car that feels comfortable and composed rather than sporty.,,
prompt_722,I'm looking for a used luxury sedan that still feels modern inside. Heated seats and a clean interior are more important than performance.,,
prompt_723,"I want something useful without excess, so a basic truck under $32k with reasonable mileage is fine.",,
prompt_724,"I’m looking for a 2015+ BMW X3 in the wagon category, located within 10 miles of Knoxville, TN. Budget is under $28,000, with moderate mileage. It should be electric-powered, have a CVT transmission and FWD drivetrain. Primary use will be city driving, family use, cargo hauling, and ownership costs should stay performance-oriented. Must-have features include Android Auto, premium audio, heated steering wheel, heated seats; nice to have sunroof, and I want to avoid wireless charging, remote start. Preferred exterior colors are green.",,
prompt_725,"I’m looking for a 2016+ Toyota RAV4 in the truck category, located within 10 miles of Fargo, ND. Budget is under $18,000, with under 80,000 miles. It should be electric-powered, have a CVT transmission and 4WD drivetrain. Primary use will be road trips, family use, and ownership costs should stay performance-oriented. Must-have features include tow package, blind spot monitoring; nice to have heated steering wheel, adaptive cruise control. Preferred exterior colors are brown.",,
prompt_726,"Truck with heated seats nice to have, under $34k.",,
prompt_727,I need something that can handle family trips but still works as a daily commuter.,,
prompt_728,"I’m looking for a car that feels light and efficient, but also solid and heavy.",,
prompt_729,"I want something reliable, but not boring reliable, and I want some personality in the drive.",,
prompt_730,"I’m focused on practicality for kids and gear, but I don’t want to exceed $35,000.",,
prompt_731,"I occasionally tow or move things, so a truck with a tow package would be helpful.",,
prompt_732,"I don’t want to overspend, so I’m focusing on practical vehicles under $20,000.",,
prompt_733,"I want something that feels reliable and low stress, probably a sedan, nothing too flashy, and I’d like to keep the mileage reasonably low if possible.",,
prompt_734,I want a car that feels up to date inside.,,
prompt_735,"I’m looking for a 2013+ Toyota Camry in the hatchback category, located within 50 miles of Fort Lauderdale, FL. Budget is under $22,000, with moderate mileage. It should be plug-in hybrid-powered, have a dual-clutch transmission and RWD drivetrain. Primary use will be family use, and ownership costs should stay luxury-acceptable. Must-have features include panoramic roof, tow package, blind spot monitoring, wireless charging; nice to have Apple CarPlay, sunroof. Preferred exterior colors are blue.",,
prompt_736,"I want something city-friendly, but still capable of road trips.",,
prompt_737,"I want something that feels modern inside, but I don’t want to pay for modern features.",,
prompt_738,"I’m looking for a 2015+ Audi A4 in the wagon category, located within 20 miles of Davis, CA. Budget is under $18,000, with under 80,000 miles. It should be electric-powered, have a manual transmission and 4WD drivetrain. Primary use will be city driving, family use, pets, and ownership costs should stay balanced. Must-have features include adaptive cruise control, heated steering wheel, roof rack, third-row seating; nice to have premium audio, leather seats, backup camera, and I want to avoid remote start. Preferred exterior colors are red.",,
prompt_739,"I’m looking for a 2017+ Honda Civic in the coupe category, located within 50 miles of Ventura, CA. Budget is under $30,000, with under 80,000 miles. It should be hybrid-powered, have a manual transmission and FWD drivetrain. Primary use will be pets, outdoor trips, and ownership costs should stay luxury-acceptable. Must-have features include premium audio, wireless charging, Apple CarPlay, roof rack; nice to have adaptive cruise control. Preferred exterior colors are red, black.",,
prompt_740,"I’m looking for a 2021+ Ford Maverick in the coupe category, located within 40 miles of Hoboken, NJ. Budget is under $38,000, with low mileage. It should be gas-powered, have a dual-clutch transmission and 4WD drivetrain. Primary use will be cargo hauling, and ownership costs should stay performance-oriented. Must-have features include third-row seating, heated seats; nice to have tow package, and I want to avoid heated steering wheel, remote start. Preferred exterior colors are gray.",,
prompt_741,"I’m prioritizing features that make everyday driving easier. I’m looking for a 2020 Audi A4 as my next coupe and I want it between $25,000 and $40,000 with under 90,000 miles; no more than 3 owners. It should be electric with a automatic transmission and 4wd drivetrain, and it needs to fit seating for 7, no kids, no pets. Primary use cases are pleasure, animals, so cargo is low priority and my maintenance priority is performance first. Must-haves: roof rack, ventilated seats, tow package, heated steering wheel. Nice-to-haves: leather seats, sunroof. Please avoid: adaptive cruise control, front parking sensors, built in navigation. I prefer gray or black exterior, and I’m explicitly not shopping for sedan, crossover body styles.",,
prompt_742,"I’m being pretty picky on specs because I plan to keep it for years. I’m looking for a 2017–2020 Audi A4 as my next wagon and I want it between $32,000 and $40,000 with very low mileage; no more than 3 owners. It should be electric with a manual transmission and 4wd drivetrain, and it needs to fit seating for 8, no kids, 1 pet. Primary use cases are commute, animals, so cargo is moderate and my maintenance priority is performance first. Must-haves: roof rack, keyless entry, adaptive cruise control, third row seating. Nice-to-haves: leather seats, ventilated seats. Please avoid: sunroof. I prefer green or brown exterior, and I’m explicitly not shopping for truck, sedan, minivan body styles.",,
prompt_743,"I’m trying to be practical, but I do care about comfort and tech. I’m looking for a 2019–2023 Toyota RAV4 as my next crossover and I want it under $40,000 with under 60,000 miles; owners not a major concern. It should be electric with a dual_clutch transmission and awd drivetrain, and it needs to fit seating for 2, no kids, no pets. Primary use cases are cargo, pleasure, so I need fold-flat rear seats and my maintenance priority is balanced. Must-haves: tow package, keyless entry, ventilated seats, heated steering wheel, heated seats. Nice-to-haves: rear parking sensors, leather seats, adaptive cruise control, built in navigation. Please avoid: memory seats. I prefer black exterior, and I’m explicitly not shopping for minivan, truck, sedan body styles.",,
prompt_744,"I'm looking for a dependable midsize sedan that's comfortable for daily commuting and occasional road trips. Good fuel economy and a clean interior are important. Budget is around $18,000.",,
prompt_745,"I’m looking for a 2013+ Honda CR-V in the wagon category, located within 30 miles of Brooklyn, NY. Budget is under $30,000, with under 60,000 miles. It should be electric-powered, have a manual transmission and RWD drivetrain. Primary use will be pets, city driving, cargo hauling, and ownership costs should stay balanced. Must-have features include premium audio, adaptive cruise control; nice to have third-row seating, backup camera, Apple CarPlay, and I want to avoid panoramic roof, remote start. Preferred exterior colors are black.",,
prompt_746,"I care more about peace of mind than excitement, so I’m looking for a reliable commuter under $24k with moderate mileage.",,
prompt_747,"I want a BMW 3 Series, automatic, under $37k, with sport package.",,
prompt_748,"I’m looking for low mileage, but not necessarily the absolute lowest mileage available.",,
prompt_749,"I’m interested in a Kia Niro Hybrid, under $30k, with modern tech and good fuel economy.",,
prompt_750,I want something that feels like the right balance.,,
prompt_751,"Pleasure car, performance first priority, under $50k.",,
prompt_752,"I do some traveling and occasional bad weather driving, so AWD in a crossover would be nice.",,
prompt_753,"I want a pickup that’s practical for weekend tasks, but still comfortable enough for daily use, under $34k.",,
prompt_754,"Something with cargo flexibility but still easy to drive every day, under $28k.",,
prompt_755,"I’m interested in a Mazda3 hatchback, automatic only, under $25,000, with Android Auto and heated seats, since I want something compact but well equipped.",,
prompt_756,"I’m looking for a 2013+ BMW X3 in the crossover category, located within 40 miles of Hoboken, NJ. Budget is under $25,000, with under 60,000 miles. It should be gas-powered, have a manual transmission and AWD drivetrain. Primary use will be commuting, city driving, and ownership costs should stay low-cost. Must-have features include leather seats, adaptive cruise control, third-row seating; nice to have heated steering wheel, backup camera, heated seats, and I want to avoid Apple CarPlay. Preferred exterior colors are brown.",,
prompt_757,"I’m optimizing for daily usability and low hassle ownership. I’m looking for a 2019–2021 Subaru Crosstrek as my next convertible and I want it between $22,000 and $28,000 with very low mileage; owners not a major concern. It should be diesel with a dual_clutch transmission and rwd drivetrain, and it needs to fit seating for 7, 1 kid, no pets. Primary use cases are travel, luxury, cargo, so cargo is low priority and my maintenance priority is performance first. Must-haves: leather seats, keyless entry, built in navigation. Nice-to-haves: rear parking sensors, panoramic roof, heated steering wheel, heated seats. Please avoid: adaptive cruise control, sunroof, premium audio. I prefer black exterior, and I’m explicitly not shopping for truck, sedan body styles.",,
prompt_758,"I’m looking for a 2013+ Honda Pilot in the truck category, located within 30 miles of El Paso, TX. Budget is under $25,000, with moderate mileage. It should be hybrid-powered, have a CVT transmission and RWD drivetrain. Primary use will be road trips, and ownership costs should stay low-cost. Must-have features include roof rack, heated steering wheel; nice to have adaptive cruise control, and I want to avoid third-row seating. Preferred exterior colors are blue, gray.",,
prompt_759,"I want a Toyota GR86, under $35k, automatic only.",,
prompt_760,I want better fuel economy without changing how I drive or refuel.,,
prompt_761,"I’m looking for a 2022+ Nissan Leaf in the wagon category, located within 10 miles of Lincoln, NE. Budget is under $25,000, with under 40,000 miles. It should be plug-in hybrid-powered, have a CVT transmission and AWD drivetrain. Primary use will be cargo hauling, city driving, and ownership costs should stay luxury-acceptable. Must-have features include sunroof, premium audio, Android Auto; nice to have adaptive cruise control, heated steering wheel, panoramic roof, and I want to avoid roof rack. Preferred exterior colors are silver.",,
prompt_762,"I’m looking for a 2021+ Ford F-150 in the sedan category, located within 10 miles of Minneapolis, MN. Budget is under $38,000, with moderate mileage. It should be plug-in hybrid-powered, have a manual transmission and AWD drivetrain. Primary use will be commuting, city driving, pets, and ownership costs should stay performance-oriented. Must-have features include panoramic roof, sunroof; nice to have blind spot monitoring, leather seats, adaptive cruise control. Preferred exterior colors are blue, gray.",,
prompt_763,"I’m looking for a 2022+ Subaru Crosstrek in the hatchback category, located within 50 miles of Nashville, TN. Budget is under $25,000, with under 60,000 miles. It should be plug-in hybrid-powered, have a CVT transmission and FWD drivetrain. Primary use will be pets, commuting, city driving, and ownership costs should stay performance-oriented. Must-have features include wireless charging, remote start, backup camera; nice to have third-row seating, and I want to avoid blind spot monitoring, heated steering wheel. Preferred exterior colors are brown.",,
prompt_764,"I want something practical for everyday use, but not purely utilitarian.",,
prompt_765,"I’m looking for something maneuverable and stress-free, not something that feels cumbersome, budget around $27k.",,
prompt_766,"I’m interested in a CR-V for family use, under $32k, with good safety tech.",,
prompt_767,"I want something practical for commuting and errands, under $26k, nothing too fancy.",,
prompt_768,"I’m optimizing for daily usability and low hassle ownership. I’m looking for a 2017–2023 Audi Q5 as my next minivan within 40 miles of Henderson, NV, and I want it between $35,000 and $45,000 with under 90,000 miles; no more than 3 owners. It should be plug_in_hybrid with a dual_clutch transmission and fwd drivetrain, and it needs to fit seating for 7, 2 kids, no pets. Primary use cases are off_road, pleasure, travel, so cargo matters a lot and my maintenance priority is performance first. Must-haves: panoramic roof, keyless entry, heated seats, roof rack. Nice-to-haves: lane departure warning, remote start, built in navigation, apple carplay. Please avoid: rear parking sensors, adaptive cruise control. I prefer red or white exterior, and I’m explicitly not shopping for convertible body styles.",,
prompt_769,"I’m interested in sporty handling, but not a stiff or uncomfortable ride.",,
prompt_770,"I want something that feels modern and well-equipped without being excessive. I’m looking for a 2012–2021 Kia Niro as my next suv within 30 miles of North Las Vegas, NV, and I want it between $20,000 and $35,000 with under 100,000 miles; owners not a major concern. It should be diesel with a manual transmission and awd drivetrain, and it needs to fit seating for 4, 3 kids, no pets. Primary use cases are travel, cargo, so cargo is moderate and my maintenance priority is balanced. Must-haves: adaptive cruise control, roof rack, backup camera, lane keep assist, rear parking sensors. Nice-to-haves: tow package, panoramic roof, premium audio, memory seats. Please avoid: android auto, blind spot monitoring, third row seating. I prefer brown exterior, and I’m explicitly not shopping for coupe, hatchback body styles.",,
prompt_771,"I’m looking for a 2020+ Kia Sportage in the wagon category, located within 10 miles of San Jose, CA. Budget is under $30,000, with under 40,000 miles. It should be gas-powered, have a CVT transmission and 4WD drivetrain. Primary use will be outdoor trips, pets, and ownership costs should stay balanced. Must-have features include Apple CarPlay, roof rack; nice to have wireless charging, premium audio, backup camera, and I want to avoid leather seats. Preferred exterior colors are black, gray.",,
prompt_772,"I want a Toyota Venza Hybrid, under $35k, with leather seats.",,
prompt_773,"I want a vehicle with a panoramic roof, but I don’t want extra weight or complexity.",,
prompt_774,"I’m looking for a Civic, but not a Civic coupe, and it needs to be practical for commuting.",,
prompt_775,"I want a compact SUV from Toyota, Honda, or Mazda, AWD preferred, under $32k, with heated seats.",,
prompt_776,"I want a car that’s good on gas and easy to drive every day, so I’m not shopping for anything performance-oriented, under $25k.",,
prompt_777,"Looking for a family-friendly vehicle with good safety ratings, rear-seat space, and modern tech like Bluetooth and a backup camera. Budget up to $30,000.",,
prompt_778,"I’m interested in good tech and comfort, but I’m not trying to buy a high-end luxury car, and I’d like to stay under $34k.",,
prompt_779,"Classic Muscle Project (Driver Condition): I'm looking for a late-1960s to early-1970s Dodge Charger or Plymouth Road Runner. Engine and transmission are not critical, but I'd prefer a complete, running car. Exterior color does not matter. A solid frame and minimal rust are important. Budget up to $45,000 depending on condition.",,
prompt_780,"Vehicle must have adaptive cruise control and blind spot monitoring, under $34k.",,
prompt_781,"Budget max $20k, low-cost maintenance priority.",,
prompt_782,"I want excitement, but not impracticality in daily use.",,
prompt_783,"Crossover with heated seats and apple carplay, budget max $34k, under 70k miles.",,
prompt_784,"Plug-in hybrid crossover, under $35k, mileage low or moderate.",,
prompt_785,"I want flexibility, but not unnecessary bulk.",,
prompt_786,"I’m mostly focused on comfort and space, not performance, so a crossover seems right.",,
prompt_787,"I want an automatic transmission, but not an automatic SUV, and I’d like a sedan under $30k with good fuel economy.",,
prompt_788,"I want a Hyundai Elantra Hybrid, under $29k, with heated seats and blind spot monitoring.",,
prompt_789,"I’m trying to be practical, but I do care about comfort and tech. I’m looking for a 2018–2020 Subaru Crosstrek as my next hatchback within 50 miles of North Las Vegas, NV, and I want it between $33,000 and $45,000 with under 120,000 miles; 2 owners max. It should be electric with a manual transmission and awd drivetrain, and it needs to fit seating for 5, 2 kids, no pets. Primary use cases are travel, budget_value, pleasure, so I want hatch access for loading and my maintenance priority is performance first. Must-haves: remote start, sunroof, tow package, android auto, backup camera. Nice-to-haves: wireless charging, ventilated seats, panoramic roof, third row seating. Please avoid: adaptive cruise control. I prefer black or gray exterior, and I’m explicitly not shopping for sedan, truck, coupe body styles.",,
prompt_790,I want something with good tech but still intuitive to use.,,
prompt_791,"I’m prioritizing space and comfort over everything else, so a family-focused vehicle with a third row and budget under $45k makes sense.",,
prompt_792,"I want something refined but practical, and I’d like to stay under $34k.",,
prompt_793,"I'm looking for a 2020 Ford F-250 6.7L Super Crew, King Ranch, Black Out edition, automatic, 4x4, custom wheels, EGR deleted, with less than 20k miles.",,
prompt_794,"I want a good value car under $28k, but not one that feels stripped down.",,
prompt_795,"I want a family-friendly vehicle, but not a minivan, and I need space without the minivan feel.",,
prompt_796,"I want efficiency gains, but not lifestyle changes.",,
prompt_797,"I’m looking for a 2013+ Kia Niro in the coupe category, located within 30 miles of Los Angeles, CA. Budget is under $42,000, with under 80,000 miles. It should be hybrid-powered, have a CVT transmission and RWD drivetrain. Primary use will be road trips, pets, and ownership costs should stay balanced. Must-have features include remote start, Android Auto, wireless charging, panoramic roof; nice to have blind spot monitoring, roof rack, adaptive cruise control, and I want to avoid premium audio, leather seats. Preferred exterior colors are green.",,
prompt_798,"I’m looking for alternative powertrains, but I don’t want any changes to my habits.",,
prompt_799,"Show me all Honda Civic FL5s in a 150-mile radius of Dallas, TX with less than 10,000 miles that are on Honda dealer lots.",,
prompt_800,"I’m looking for something affordable that still feels like a good long-term choice, under $22k.",,
prompt_801,"Performance sedan, automatic, under $45k, mileage moderate.",,
prompt_802,I'm looking for a 2002 Nissan Skyline GT-R M-Spec with upgraded turbos. Midnight Purple in color. Note: this is a right-hand-drive vehicle.,,
prompt_803,"I’m optimizing for daily usability and low hassle ownership. I’m looking for a 2012–2019 Ford Mustang as my next suv and I want it between $40,000 and $50,000 with under 40,000 miles; owners not a major concern. It should be electric with a automatic transmission and 4wd drivetrain, and it needs to fit seating for 4, no kids, 2 pets. Primary use cases are towing, animals, so I need fold-flat rear seats and my maintenance priority is performance first. Must-haves: rear parking sensors, sunroof, heated steering wheel. Nice-to-haves: remote start, heated seats, keyless entry, panoramic roof. Please avoid: lane departure warning. I prefer silver exterior, and I’m explicitly not shopping for crossover body styles.",,
prompt_804,"I want a dependable commuter that blends in and doesn’t draw attention, under $26k.",,
prompt_805,"I want a sporty luxury sedan, maybe a BMW 5 Series, under $42k, with heated seats and CarPlay.",,
prompt_806,"I care about overall driving feel more than specs, especially under $36k.",,
prompt_807,"I’m trying to be practical, but I do care about comfort and tech. I’m looking for a 2020–2023 Toyota RAV4 as my next minivan within 25 miles of Las Vegas, NV, and I want it between $8,000 and $20,000 with under 110,000 miles; one-owner. It should be plug_in_hybrid with a automatic transmission and fwd drivetrain, and it needs to fit seating for 4, no kids, 2 pets. Primary use cases are off_road, budget_value, travel, so cargo is low priority and my maintenance priority is performance first. Must-haves: heated seats, keyless entry, heated steering wheel, tow package. Nice-to-haves: leather seats, apple carplay, front parking sensors. Please avoid: lane keep assist, sunroof. I prefer green or blue exterior, and I’m explicitly not shopping for coupe, hatchback body styles.",,
prompt_808,"I’m looking for a 2018+ Subaru Crosstrek in the minivan category, located within 30 miles of Albuquerque, NM. Budget is under $35,000, with under 100,000 miles. It should be hybrid-powered, have a CVT transmission and FWD drivetrain. Primary use will be family use, cargo hauling, and ownership costs should stay luxury-acceptable. Must-have features include panoramic roof, leather seats; nice to have third-row seating, adaptive cruise control, and I want to avoid Apple CarPlay, heated seats. Preferred exterior colors are blue, green.",,
prompt_809,"I’m interested in electric, but not an electric SUV, and I want the EV to be affordable and city-friendly.",,
prompt_810,"Diesel truck for work-light use, under $33k.",,
prompt_811,I’m interested in a hybrid because I want better fuel economy for my daily commute.,,
prompt_812,"I’m being pretty picky on specs because I plan to keep it for years. I’m looking for a 2022–2024 Ford F-150 as my next minivan and I want it between $8,000 and $18,000 with under 90,000 miles; 2 owners max. It should be electric with a manual transmission and fwd drivetrain, and it needs to fit seating for 7, 1 kid, 1 pet. Primary use cases are luxury, off_road, travel, so cargo is moderate and my maintenance priority is low cost. Must-haves: blind spot monitoring, remote start, front parking sensors, tow package. Nice-to-haves: heated seats, wireless charging, leather seats. Please avoid: keyless entry, rear parking sensors, heated steering wheel. I prefer brown or white exterior, and I’m explicitly not shopping for convertible, truck body styles.",,
prompt_813,"I’m open to alternative powertrains if they save money long-term, as long as the price stays under $34k.",,
prompt_814,"I’m looking for AWD, but not AWD trucks, and I want something comfortable for winter driving under $32k.",,
prompt_815,"I don’t want to pay for features I don’t need, just solid value.",,
prompt_816,"I’m prioritizing features that make everyday driving easier. I’m looking for a 2014–2023 BMW X3 as my next coupe and I want it between $23,000 and $35,000 with very low mileage; 2 owners max. It should be gas with a manual transmission and awd drivetrain, and it needs to fit seating for 8, 1 kid, 1 pet. Primary use cases are pleasure, luxury, animals, so cargo matters a lot and my maintenance priority is balanced. Must-haves: heated steering wheel, leather seats, roof rack, lane keep assist, memory seats. Nice-to-haves: third row seating, blind spot monitoring, adaptive cruise control. Please avoid: panoramic roof. I prefer brown exterior, and I’m explicitly not shopping for hatchback, convertible body styles.",,
prompt_817,"I want a hybrid sedan that’s reliable and efficient, under $30k.",,
prompt_818,"AWD crossover for winter driving, under $32k, mileage under 90k.",,
prompt_819,"I want a Toyota Corolla Hatchback, automatic, under $24k, with Apple CarPlay and backup camera, since I value simplicity and efficiency.",,
prompt_820,"I’m looking for a 2016+ Honda Pilot in the minivan category, located within 40 miles of Charleston, SC. Budget is under $38,000, with under 40,000 miles. It should be electric-powered, have a CVT transmission and FWD drivetrain. Primary use will be family use, and ownership costs should stay balanced. Must-have features include blind spot monitoring, roof rack, remote start; nice to have heated steering wheel, and I want to avoid wireless charging, leather seats. Preferred exterior colors are silver, red.",,
prompt_821,"I want a Chevrolet Bolt EV, under $28k, with Apple CarPlay and heated seats for daily commuting.",,
prompt_822,"I want a Toyota Camry SE, automatic, under $28k, preferably in white, with blind spot monitoring.",,
prompt_823,"Hybrid wagon for travel, under $32k.",,
prompt_824,"I don’t need anything fancy, but I do want a car that feels dependable, preferably automatic, and priced under $22,000.",,
prompt_825,"I want a BMW E36 with a supercharger kit installed. The paint should be silver or black. LED headlights and taillights are a plus. The price must not exceed $7,500.",,
prompt_826,"I’m looking for a 2015+ Honda CR-V in the minivan category, located within 20 miles of St. Petersburg, FL. Budget is under $38,000, with low mileage. It should be electric-powered, have a manual transmission and RWD drivetrain. Primary use will be pets, cargo hauling, and ownership costs should stay luxury-acceptable. Must-have features include leather seats, heated seats, roof rack; nice to have heated steering wheel, and I want to avoid Apple CarPlay. Preferred exterior colors are green.",,
prompt_827,I’m looking for a car that checks the important boxes and nothing more.,,
prompt_828,"I’m interested in a Hyundai Tucson, 2020 or newer, AWD preferred, under $32k, with heated seats and blind spot monitoring.",,
prompt_829,"I’m looking for a 2015+ Subaru Crosstrek in the minivan category, located within 10 miles of Minneapolis, MN. Budget is under $18,000, with under 40,000 miles. It should be diesel-powered, have a automatic transmission and RWD drivetrain. Primary use will be outdoor trips, and ownership costs should stay low-cost. Must-have features include heated seats, tow package, backup camera, wireless charging; nice to have Apple CarPlay. Preferred exterior colors are black.",,
prompt_830,"I’m looking for an Accord EX, under $27k, with blind spot monitoring.",,
prompt_831,"I’m prioritizing space and comfort for passengers, which is why I’m looking at SUVs under $42k.",,
prompt_832,"I’m looking for a 2015+ Honda Pilot in the hatchback category, located within 30 miles of Los Angeles, CA. Budget is under $25,000, with under 40,000 miles. It should be electric-powered, have a CVT transmission and 4WD drivetrain. Primary use will be family use, road trips, and ownership costs should stay balanced. Must-have features include remote start, Android Auto; nice to have premium audio, leather seats, heated steering wheel, and I want to avoid blind spot monitoring, tow package. Preferred exterior colors are white.",,
prompt_833,"Compact truck, fuel economy medium priority, under $27k.",,
prompt_834,"I’m looking for a 2017+ BMW 3 Series in the hatchback category, located within 40 miles of Chapel Hill, NC. Budget is under $22,000, with under 80,000 miles. It should be diesel-powered, have a automatic transmission and 4WD drivetrain. Primary use will be outdoor trips, family use, and ownership costs should stay low-cost. Must-have features include third-row seating, wireless charging; nice to have sunroof, tow package, leather seats. Preferred exterior colors are white.",,
prompt_835,I just want something that makes everyday driving easier.,,
prompt_836,"I’m trying to be practical, but I do care about comfort and tech. I’m looking for a 2021–2025 Mazda CX-30 as my next truck and I want it between $8,000 and $18,000 with under 120,000 miles; no more than 3 owners. It should be mild_hybrid with a cvt transmission and awd drivetrain, and it needs to fit seating for 4, no kids, 2 pets. Primary use cases are off_road, animals, rideshare, so cargo is low priority and my maintenance priority is low cost. Must-haves: wireless charging, lane keep assist, remote start, android auto. Nice-to-haves: heated seats, third row seating. Please avoid: roof rack, tow package. I prefer red exterior, and I’m explicitly not shopping for wagon body styles.",,
prompt_837,"Pickup truck, gas powertrain only, automatic, under $28k.",,
prompt_838,"I’m looking for a crossover that’s comfortable and reliable, not huge, and not overloaded with luxury stuff.",,
prompt_839,"I want something that feels modern and well-equipped without being excessive. I’m looking for a 2019 Chevrolet Equinox as my next suv and I want it under $20,000 with under 60,000 miles; no more than 3 owners. It should be gas with a cvt transmission and awd drivetrain, and it needs to fit seating for 8, 2 kids, no pets. Primary use cases are budget_value, luxury, so cargo is low priority and my maintenance priority is luxury ok. Must-haves: lane departure warning, heated steering wheel, remote start, tow package. Nice-to-haves: adaptive cruise control, lane keep assist, front parking sensors, leather seats. Please avoid: premium audio, backup camera. I prefer red or silver exterior, and I’m explicitly not shopping for wagon, convertible body styles.",,
prompt_840,I want a small SUV that’s easy to drive and has decent cargo space for trips.,,
prompt_841,"I want a hybrid for commuting, but not a Prius, and I’d like it to be under $30k with modern safety tech.",,
prompt_842,I care about fuel economy but I don’t want to overcomplicate things.,,
prompt_843,"I want a Toyota RAV4, FWD, under $32k, with heated seats and blind spot monitoring.",,
prompt_844,"I’m prioritizing features that make everyday driving easier. I’m looking for a 2014–2018 Audi Q5 as my next wagon and I want it between $33,000 and $45,000 with under 80,000 miles; owners not a major concern. It should be hybrid with a manual transmission and fwd drivetrain, and it needs to fit seating for 7, 2 kids, no pets. Primary use cases are travel, pleasure, work, so cargo is moderate and my maintenance priority is low cost. Must-haves: lane departure warning, heated seats, memory seats, premium audio, roof rack. Nice-to-haves: sunroof, leather seats, heated steering wheel. Please avoid: remote start, backup camera. I prefer black exterior, and I’m explicitly not shopping for truck, crossover body styles.",,
prompt_845,"I’m optimizing for daily usability and low hassle ownership. I’m looking for a 2019 Toyota Tacoma as my next convertible within 10 miles of Henderson, NV, and I want it between $32,000 and $40,000 with under 110,000 miles; no more than 3 owners. It should be electric with a automatic transmission and fwd drivetrain, and it needs to fit seating for 7, no kids, no pets. Primary use cases are off_road, towing, so I need fold-flat rear seats and my maintenance priority is balanced. Must-haves: android auto, heated steering wheel, adaptive cruise control, wireless charging. Nice-to-haves: built in navigation, memory seats, backup camera. Please avoid: tow package, rear parking sensors, ventilated seats. I prefer green exterior, and I’m explicitly not shopping for hatchback, truck body styles.",,
prompt_846,"I’m not really chasing performance, but I do want the car to feel pleasant and responsive.",,
prompt_847,"I’ve realized I don’t need anything sporty anymore, so I’m focusing on a calm daily driver with low maintenance costs, ideally a sedan from 2017 or newer.",,
prompt_848,"Fun daily driver with sporty feel, under $32k.",,
prompt_849,"I’m looking for a crossover or wagon, but not a truck, and cargo space matters.",,
prompt_850,"I’m interested in a Honda Accord or Camry, automatic, but not the base trim, and I want heated seats while keeping mileage moderate.",,
prompt_851,"I want a Nissan Leaf for city commuting, under $25k, with Apple CarPlay and heated seats, since range isn’t a major concern.",,
prompt_852,"I’m interested in electric, but not something with complicated charging needs.",,
prompt_853,"I want a daily driver that’s focused on transportation, not tasks or jobs, under $26k.",,
prompt_854,"I want a BMW 3 Series, automatic, under $37k, without sport package.",,
prompt_855,"I’m looking for a 2021+ Jeep Grand Cherokee in the minivan category, located within 15 miles of Plano, TX. Budget is under $25,000, with under 80,000 miles. It should be gas-powered, have a manual transmission and FWD drivetrain. Primary use will be pets, and ownership costs should stay low-cost. Must-have features include blind spot monitoring, panoramic roof, adaptive cruise control, sunroof; nice to have backup camera, Android Auto, heated steering wheel, and I want to avoid third-row seating, wireless charging. Preferred exterior colors are silver.",,
prompt_856,"I want a Toyota RAV4 Hybrid, 2019 or newer, under $33k, with Apple CarPlay and blind spot monitoring, because fuel efficiency matters to me.",,
prompt_857,"I want a car that makes financial sense, without feeling cheap or disappointing, under $29k.",,
prompt_858,"I'd like a military-style truck that looks like a tank. It must be street legal with off-road-capable tires. Budget is $11,111. Body condition does not matter, as it will be repaired and painted.",,
prompt_859,"I’m looking for a 2014+ Honda Accord in the truck category, located within 10 miles of Savannah, GA. Budget is under $28,000, with under 60,000 miles. It should be hybrid-powered, have a automatic transmission and 4WD drivetrain. Primary use will be road trips, and ownership costs should stay low-cost. Must-have features include Android Auto, heated steering wheel; nice to have backup camera, roof rack, wireless charging, and I want to avoid leather seats, panoramic roof. Preferred exterior colors are blue.",,
prompt_860,"Under $45k, newer vehicle, mileage low.",,
prompt_861,"I’m trying to keep costs down, so reliability and fuel economy matter more to me than looks or brand.",,
prompt_862,"I’m interested in a BMW X3, under $38k, but CarPlay isn’t important.",,
prompt_863,"I’m looking for a 2014+ Hyundai Sonata in the hatchback category, located within 10 miles of Chicago, IL. Budget is under $25,000, with under 60,000 miles. It should be electric-powered, have a dual-clutch transmission and 4WD drivetrain. Primary use will be road trips, pets, and ownership costs should stay balanced. Must-have features include roof rack, remote start; nice to have backup camera, panoramic roof, heated steering wheel, and I want to avoid tow package. Preferred exterior colors are black.",,
prompt_864,"I’m optimizing for daily usability and low hassle ownership. I’m looking for a 2017 Subaru Outback as my next crossover within 25 miles of Las Vegas, NV, and I want it between $35,000 and $45,000 with does not matter mileage; no more than 3 owners. It should be hybrid with a dual_clutch transmission and awd drivetrain, and it needs to fit seating for 5, 3 kids, no pets. Primary use cases are family, cargo, so cargo is moderate and my maintenance priority is performance first. Must-haves: ventilated seats, premium audio, lane keep assist. Nice-to-haves: built in navigation, android auto. Please avoid: backup camera. I prefer white exterior, and I’m explicitly not shopping for truck, hatchback body styles.",,
prompt_865,"I want something that fits into my existing routine easily, without requiring new habits, budget around $29k.",,
prompt_866,I want a car that's known for long-term reliability and low maintenance costs. I don't care much about brand as long as it has a good service history.,,
prompt_867,"I want a gas-powered truck with good towing capability, but I also want excellent fuel economy and low running costs.",,
prompt_868,"Basic truck, no luxury focus, low-cost maintenance priority, under $25k.",,
prompt_869,"I want something upscale and sporty, automatic, under $45k.",,
prompt_870,"I’m optimizing for daily usability and low hassle ownership. I’m looking for a 2016–2023 Hyundai Elantra as my next sedan and I want it under $18,000 with under 30,000 miles; 2 owners max. It should be diesel with a automatic transmission and 4wd drivetrain, and it needs to fit seating for 4, 2 kids, 2 pets. Primary use cases are luxury, work, travel, so cargo is moderate and my maintenance priority is balanced. Must-haves: front parking sensors, panoramic roof, keyless entry, memory seats. Nice-to-haves: heated steering wheel, roof rack, adaptive cruise control, tow package. Please avoid: blind spot monitoring, wireless charging, sunroof. I prefer blue or black exterior, and I’m explicitly not shopping for wagon, convertible, suv body styles.",,
prompt_871,"I’m looking for a 2018+ Chevrolet Equinox in the minivan category, located within 25 miles of Santa Barbara, CA. Budget is under $38,000, with under 40,000 miles. It should be diesel-powered, have a CVT transmission and RWD drivetrain. Primary use will be city driving, family use, cargo hauling, and ownership costs should stay low-cost. Must-have features include leather seats, wireless charging, Android Auto, Apple CarPlay; nice to have panoramic roof, premium audio, heated steering wheel. Preferred exterior colors are gray.",,
prompt_872,"I want a Toyota RAV4, AWD, under $32k, with heated seats and blind spot monitoring.",,
prompt_873,"I’m looking for a 2015+ Mazda Mazda3 in the suv category, located within 10 miles of Jersey City, NJ. Budget is under $38,000, with under 40,000 miles. It should be diesel-powered, have a CVT transmission and AWD drivetrain. Primary use will be commuting, and ownership costs should stay luxury-acceptable. Must-have features include Android Auto, third-row seating, panoramic roof; nice to have Apple CarPlay, backup camera, sunroof, and I want to avoid remote start, heated steering wheel. Preferred exterior colors are brown.",,
prompt_874,"Compact sedan, FWD is fine, 2018 or newer, under $22k, low or moderate mileage, must have Apple CarPlay and backup camera.",,
prompt_875,"I want something minimal and simple, but also fully loaded with features.",,
prompt_876,"I’m mostly commuting during the week and running errands on the weekends, so I’m looking for a sedan that’s easy to live with, automatic, good on gas, and ideally under twenty thousand dollars.",,
prompt_877,"I’m looking for a 2018+ Lexus ES in the suv category, located within 30 miles of Philadelphia, PA. Budget is under $30,000, with under 60,000 miles. It should be hybrid-powered, have a manual transmission and FWD drivetrain. Primary use will be road trips, family use, outdoor trips, and ownership costs should stay low-cost. Must-have features include roof rack, backup camera, adaptive cruise control; nice to have panoramic roof, heated seats, wireless charging, and I want to avoid tow package. Preferred exterior colors are gray.",,
prompt_878,"I’m looking for a 2015+ Kia Telluride in the wagon category, located within 10 miles of Albuquerque, NM. Budget is under $30,000, with under 40,000 miles. It should be plug-in hybrid-powered, have a CVT transmission and 4WD drivetrain. Primary use will be cargo hauling, family use, and ownership costs should stay balanced. Must-have features include wireless charging, heated steering wheel, third-row seating, sunroof; nice to have remote start, Android Auto, adaptive cruise control, and I want to avoid premium audio, panoramic roof. Preferred exterior colors are red, green.",,
prompt_879,"I’m looking for practical tech that helps rather than distracts, and I want to keep the price under $29k.",,
prompt_880,"I’m interested in premium audio, but I don’t care about interior quality otherwise.",,
prompt_881,"I want something built to last forever, but I’ll probably replace it soon.",,
prompt_882,"Work-light truck, budget value focus, mileage high acceptable, under $24k.",,
prompt_883,"I want a modern-feeling cabin that still feels intuitive and simple, staying under $32k.",,
prompt_884,"I want an SUV that can handle light off-road use, under $37k.",,
prompt_885,"I want low maintenance costs, but not a stripped-down driving experience.",,
prompt_886,"I’m trying to be practical, but I do care about comfort and tech. I’m looking for a 2021 Chevrolet Camaro as my next coupe within 50 miles of Henderson, NV, and I want it under $22,000 with under 70,000 miles; owners not a major concern. It should be electric with a cvt transmission and rwd drivetrain, and it needs to fit seating for 2, no kids, no pets. Primary use cases are animals, rideshare, budget_value, so cargo is moderate and my maintenance priority is low cost. Must-haves: rear parking sensors, wireless charging, android auto, panoramic roof. Nice-to-haves: lane keep assist, leather seats, apple carplay. Please avoid: tow package, front parking sensors. I prefer brown exterior, and I’m explicitly not shopping for sedan, truck body styles.",,
prompt_887,"I’m looking for a 2013+ Mazda Mazda3 in the coupe category, located within 20 miles of Arlington, VA. Budget is under $18,000, with low mileage. It should be hybrid-powered, have a automatic transmission and FWD drivetrain. Primary use will be road trips, and ownership costs should stay performance-oriented. Must-have features include wireless charging, sunroof; nice to have leather seats, and I want to avoid adaptive cruise control, remote start. Preferred exterior colors are gray, white.",,
prompt_888,"Looking for a budget-friendly daily driver with under 120,000 miles that can last several more years with basic maintenance.",,
prompt_889,"Urban SUV, easy to park, under $26k, mileage moderate, prefer white or gray.",,
prompt_890,"I want a car with a lot of technology, but I don’t want to interact with screens or menus.",,
prompt_891,"I’m looking for a 2016+ Hyundai Sonata in the coupe category, located within 30 miles of State College, PA. Budget is under $22,000, with under 60,000 miles. It should be electric-powered, have a manual transmission and RWD drivetrain. Primary use will be city driving, cargo hauling, outdoor trips, and ownership costs should stay luxury-acceptable. Must-have features include premium audio, blind spot monitoring; nice to have heated seats, roof rack, and I want to avoid adaptive cruise control, Apple CarPlay. Preferred exterior colors are green.",,
prompt_892,"SUV for school runs and trips, heated seats required, under $36k.",,
