id,prompt,annotated_json,completion_status
1,I'm shopping for a coupe (not a sedan). I want a mild hybrid with any drivetrain and automatic transmission. I'd rather stay in the high 20s. it has to have backup camera; I'd like sunroof if possible; but skip built in navigation. Use: general daily driving. Try for 2022+ and under 45000 miles.,"{""mk"":[""unspecified""],""md"":[""unspecified""],""tr"":""unspecified"",""vt"":{""inc"":[""coupe""],""exc"":[""sedan""]},""cp"":{""seat_min"":""unspecified"",""kids"":""unspecified"",""pets"":""unspecified"",""cargo_pri"":""low"",""cargo_fx"":{""hatch"":""false"",""foldflat"":""true""}},""iu"":{""tags"":[""travel"",""cargo"",""luxury""]},""pd"":{""tx"":""automatic"",""dt"":""unspecified"",""pt"":[""mild_hybrid""],""fe_pri"":""unspecified""},""fa"":{""must"":[""backup_camera""],""nice"":[""sunroof""],""avoid"":[""built_in_navigation""]},""oc"":{""bud"":{""cur"":840,""min"":26000,""max"":29000,""max_strict"":""false""},""yr"":{""min"":2022,""max"":""unspecified""},""mi"":{""max"":45000,""qual"":[""unspecified""]},""owners"":""unspecified""},""ps"":{""rel_pri"":""unspecified"",""clr"":[""brown"",""burgundy""]},""lc"":{""cty"":""unspecified"",""st"":""unspecified"",""rad"":""unspecified""}}<END_JSON>",complete
2,"I'm shopping for a hatchback. I want a plug-in hybrid with AWD drivetrain and automatic transmission. hard cap at $30k. it has to have front parking sensors; I'd like tow package, third row seating if possible; but skip sliding doors. Use: some cargo space matters. If possible, Chevrolet Tahoe. Try for 2019+ and under 45000 miles.","{""mk"":[""Chevrolet""],""md"":[""Tahoe""],""tr"":""unspecified"",""vt"":{""inc"":[""hatchback""],""exc"":[""unspecified""]},""cp"":{""seat_min"":""unspecified"",""kids"":""unspecified"",""pets"":""unspecified"",""cargo_pri"":""medium"",""cargo_fx"":{""hatch"":""unspecified"",""foldflat"":""true""}},""iu"":{""tags"":[""work_light"",""travel""]},""pd"":{""tx"":""automatic"",""dt"":""AWD"",""pt"":[""plug_in_hybrid""],""fe_pri"":""unspecified""},""fa"":{""must"":[""front_parking_sensors""],""nice"":[""tow_package"",""third_row_seating""],""avoid"":[""sliding_doors""]},""oc"":{""bud"":{""cur"":840,""min"":""unspecified"",""max"":30000,""max_strict"":""true""},""yr"":{""min"":2019,""max"":""unspecified""},""mi"":{""max"":45000,""qual"":[""unspecified""]},""owners"":""unspecified""},""ps"":{""rel_pri"":""low_cost"",""clr"":[""green"",""silver""]},""lc"":{""cty"":""unspecified"",""st"":""unspecified"",""rad"":""unspecified""}}<END_JSON>",complete
3,"I'm shopping for a suv (not a coupe). I want a plug-in hybrid with FWD drivetrain and manual transmission. prefer $30k, absolute ceiling $34k. it has to have roof rack; I'd like premium audio if possible; but skip heated seats. Use: 2 dogs sometimes, at least 5 seats, some cargo space matters. If possible, Chevrolet Tahoe. Try for 2022+ and under 45000 miles.","{""mk"":[""Chevrolet""],""md"":[""Tahoe""],""tr"":""unspecified"",""vt"":{""inc"":[""suv""],""exc"":[""coupe""]},""cp"":{""seat_min"":5,""kids"":""unspecified"",""pets"":2,""cargo_pri"":""medium"",""cargo_fx"":{""hatch"":""true"",""foldflat"":""true""}},""iu"":{""tags"":[""animals""]},""pd"":{""tx"":""manual"",""dt"":""FWD"",""pt"":[""plug_in_hybrid""],""fe_pri"":""high""},""fa"":{""must"":[""roof_rack""],""nice"":[""premium_audio""],""avoid"":[""heated_seats""]},""oc"":{""bud"":{""cur"":840,""min"":""unspecified"",""max"":34000,""max_strict"":""true""},""yr"":{""min"":2022,""max"":""unspecified""},""mi"":{""max"":45000,""qual"":[""unspecified""]},""owners"":""unspecified""},""ps"":{""rel_pri"":""low_cost"",""clr"":[""gold""]},""lc"":{""cty"":""unspecified"",""st"":""unspecified"",""rad"":""unspecified""}}<END_JSON>",complete
4,"I'm shopping for a crossover (not a truck). I want a hybrid with FWD drivetrain and manual transmission. I'd rather stay in the high 20s. it has to have keyless entry, built in navigation; I'd like roof rack, rear parking sensors if possible; but skip sunroof, android auto. Use: 2 dogs sometimes, at least 5 seats, I haul gear. If possible, Volkswagen Golf.","{""mk"":[""Volkswagen""],""md"":[""Golf""],""tr"":""unspecified"",""vt"":{""inc"":[""crossover""],""exc"":[""truck""]},""cp"":{""seat_min"":5,""kids"":""unspecified"",""pets"":2,""cargo_pri"":""high"",""cargo_fx"":{""hatch"":""unspecified"",""foldflat"":""true""}},""iu"":{""tags"":[""animals"",""cargo""]},""pd"":{""tx"":""manual"",""dt"":""FWD"",""pt"":[""hybrid""],""fe_pri"":""medium""},""fa"":{""must"":[""keyless_entry"",""built_in_navigation""],""nice"":[""roof_rack"",""rear_parking_sensors""],""avoid"":[""sunroof"",""android_auto""]},""oc"":{""bud"":{""cur"":840,""min"":26000,""max"":29000,""max_strict"":""false""},""yr"":{""min"":""unspecified"",""max"":""unspecified""},""mi"":{""max"":""unspecified"",""qual"":[""unspecified""]},""owners"":""unspecified""},""ps"":{""rel_pri"":""luxury_ok"",""clr"":[""blue""]},""lc"":{""cty"":""unspecified"",""st"":""unspecified"",""rad"":""unspecified""}}<END_JSON>",complete
5,"I'm shopping for a van (not a truck). I want a mild hybrid with any drivetrain and cvt transmission. between $26k and $32k. it has to have lane keep assist; I'd like heated seats, ventilated seats if possible; but skip sliding doors. Use: I care about handling and acceleration. Prefer 2021 or newer.","{""mk"":[""unspecified""],""md"":[""unspecified""],""tr"":""unspecified"",""vt"":{""inc"":[""van""],""exc"":[""truck""]},""cp"":{""seat_min"":""unspecified"",""kids"":""unspecified"",""pets"":""unspecified"",""cargo_pri"":""low"",""cargo_fx"":{""hatch"":""false"",""foldflat"":""true""}},""iu"":{""tags"":[""performance"",""rideshare"",""travel""]},""pd"":{""tx"":""cvt"",""dt"":""unspecified"",""pt"":[""mild_hybrid""],""fe_pri"":""high""},""fa"":{""must"":[""lane_keep_assist""],""nice"":[""heated_seats"",""ventilated_seats""],""avoid"":[""sliding_doors""]},""oc"":{""bud"":{""cur"":840,""min"":26000,""max"":32000,""max_strict"":""true""},""yr"":{""min"":2021,""max"":""unspecified""},""mi"":{""max"":""unspecified"",""qual"":[""unspecified""]},""owners"":""unspecified""},""ps"":{""rel_pri"":""balanced"",""clr"":[""teal"",""green""]},""lc"":{""cty"":""unspecified"",""st"":""unspecified"",""rad"":""unspecified""}}<END_JSON>",complete
6,"I'm shopping for a convertible (not a minivan). I want gas with AWD drivetrain and cvt transmission. prefer $30k, absolute ceiling $34k. it has to have blind spot monitoring; I'd like roof rack if possible; but skip apple carplay. Use: at least 5 seats, light towing on weekends. Try for 2021+ and under 60000 miles.","{""mk"":[""unspecified""],""md"":[""unspecified""],""tr"":""unspecified"",""vt"":{""inc"":[""convertible""],""exc"":[""minivan""]},""cp"":{""seat_min"":5,""kids"":""unspecified"",""pets"":""unspecified"",""cargo_pri"":""unspecified"",""cargo_fx"":{""hatch"":""true"",""foldflat"":""false""}},""iu"":{""tags"":[""towing""]},""pd"":{""tx"":""cvt"",""dt"":""AWD"",""pt"":[""gas""],""fe_pri"":""high""},""fa"":{""must"":[""blind_spot_monitoring""],""nice"":[""roof_rack""],""avoid"":[""apple_carplay""]},""oc"":{""bud"":{""cur"":840,""min"":""unspecified"",""max"":34000,""max_strict"":""true""},""yr"":{""min"":2021,""max"":""unspecified""},""mi"":{""max"":60000,""qual"":[""unspecified""]},""owners"":""unspecified""},""ps"":{""rel_pri"":""unspecified"",""clr"":[""navy""]},""lc"":{""cty"":""unspecified"",""st"":""unspecified"",""rad"":""unspecified""}}<END_JSON>",complete
7,"I'm shopping for a convertible. I want electric with FWD drivetrain and dual_clutch transmission. I'd rather stay in the high 20s. it has to have sunroof; I'd like adaptive cruise control if possible; but skip backup camera, tow package. Use: I haul gear.","{""mk"":[""unspecified""],""md"":[""unspecified""],""tr"":""unspecified"",""vt"":{""inc"":[""convertible""],""exc"":[""unspecified""]},""cp"":{""seat_min"":""unspecified"",""kids"":""unspecified"",""pets"":""unspecified"",""cargo_pri"":""high"",""cargo_fx"":{""hatch"":""true"",""foldflat"":""false""}},""iu"":{""tags"":[""cargo"",""rideshare""]},""pd"":{""tx"":""dual_clutch"",""dt"":""FWD"",""pt"":[""electric""],""fe_pri"":""unspecified""},""fa"":{""must"":[""sunroof""],""nice"":[""adaptive_cruise_control""],""avoid"":[""backup_camera"",""tow_package""]},""oc"":{""bud"":{""cur"":840,""min"":26000,""max"":29000,""max_strict"":""false""},""yr"":{""min"":""unspecified"",""max"":""unspecified""},""mi"":{""max"":""unspecified"",""qual"":[""unspecified""]},""owners"":""unspecified""},""ps"":{""rel_pri"":""low_cost"",""clr"":[""brown""]},""lc"":{""cty"":""unspecified"",""st"":""unspecified"",""rad"":""unspecified""}}<END_JSON>",complete
8,"I'm shopping for a coupe (not a minivan). I want diesel with 4WD drivetrain and any transmission. I can do $28k–$35k if it checks the boxes. it has to have rear entertainment system; I'd like sliding doors, remote start if possible; but skip third row seating. Use: at least 5 seats, some cargo space matters. If possible, Chevrolet Silverado. Prefer 2020 or newer.","{""mk"":[""Chevrolet""],""md"":[""Silverado""],""tr"":""unspecified"",""vt"":{""inc"":[""coupe""],""exc"":[""minivan""]},""cp"":{""seat_min"":5,""kids"":""unspecified"",""pets"":""unspecified"",""cargo_pri"":""medium"",""cargo_fx"":{""hatch"":""unspecified"",""foldflat"":""false""}},""iu"":{""tags"":[""travel""]},""pd"":{""tx"":""unspecified"",""dt"":""4WD"",""pt"":[""diesel""],""fe_pri"":""unspecified""},""fa"":{""must"":[""rear_entertainment_system""],""nice"":[""sliding_doors"",""remote_start""],""avoid"":[""third_row_seating""]},""oc"":{""bud"":{""cur"":840,""min"":28000,""max"":35000,""max_strict"":""true""},""yr"":{""min"":2020,""max"":""unspecified""},""mi"":{""max"":""unspecified"",""qual"":[""unspecified""]},""owners"":""unspecified""},""ps"":{""rel_pri"":""luxury_ok"",""clr"":[""white""]},""lc"":{""cty"":""unspecified"",""st"":""unspecified"",""rad"":""unspecified""}}<END_JSON>",complete
9,"I'm shopping for a coupe (not a suv). I want electric with 4WD drivetrain and cvt transmission. I'd rather stay in the high 20s. it has to have adaptive cruise control; I'd like sliding doors, built in navigation if possible; but skip blind spot monitoring. Use: at least 5 seats, some cargo space matters. Try for 2018+ and under 60000 miles.","{""mk"":[""unspecified""],""md"":[""unspecified""],""tr"":""unspecified"",""vt"":{""inc"":[""coupe""],""exc"":[""suv""]},""cp"":{""seat_min"":5,""kids"":""unspecified"",""pets"":""unspecified"",""cargo_pri"":""medium"",""cargo_fx"":{""hatch"":""false"",""foldflat"":""true""}},""iu"":{""tags"":[""cargo""]},""pd"":{""tx"":""cvt"",""dt"":""4WD"",""pt"":[""electric""],""fe_pri"":""unspecified""},""fa"":{""must"":[""adaptive_cruise_control""],""nice"":[""sliding_doors"",""built_in_navigation""],""avoid"":[""blind_spot_monitoring""]},""oc"":{""bud"":{""cur"":840,""min"":26000,""max"":29000,""max_strict"":""false""},""yr"":{""min"":2018,""max"":""unspecified""},""mi"":{""max"":60000,""qual"":[""unspecified""]},""owners"":""unspecified""},""ps"":{""rel_pri"":""balanced"",""clr"":[""navy"",""teal""]},""lc"":{""cty"":""unspecified"",""st"":""unspecified"",""rad"":""unspecified""}}<END_JSON>",complete
10,"I'm shopping for a hatchback (not a truck). I want a plug-in hybrid with RWD drivetrain and any transmission. keep it around $30k—give or take a bit. it has to have leather seats; I'd like sunroof, blind spot monitoring if possible; but skip third row seating. Use: at least 5 seats. If possible, Tesla Model Y. Try for 2021+ and under 60000 miles.","{""mk"":[""Tesla""],""md"":[""Model Y""],""tr"":""unspecified"",""vt"":{""inc"":[""hatchback""],""exc"":[""truck""]},""cp"":{""seat_min"":5,""kids"":""unspecified"",""pets"":""unspecified"",""cargo_pri"":""unspecified"",""cargo_fx"":{""hatch"":""true"",""foldflat"":""true""}},""iu"":{""tags"":[""pleasure""]},""pd"":{""tx"":""unspecified"",""dt"":""RWD"",""pt"":[""plug_in_hybrid""],""fe_pri"":""unspecified""},""fa"":{""must"":[""leather_seats""],""nice"":[""sunroof"",""blind_spot_monitoring""],""avoid"":[""third_row_seating""]},""oc"":{""bud"":{""cur"":840,""min"":""unspecified"",""max"":30000,""max_strict"":""false""},""yr"":{""min"":2021,""max"":""unspecified""},""mi"":{""max"":60000,""qual"":[""unspecified""]},""owners"":""unspecified""},""ps"":{""rel_pri"":""low_cost"",""clr"":[""teal""]},""lc"":{""cty"":""unspecified"",""st"":""unspecified"",""rad"":""unspecified""}}<END_JSON>",complete
11,"I'm shopping for a minivan (not a coupe). I want electric with any drivetrain and other transmission. between $26k and $32k. it has to have leather seats, panoramic roof; I'd like third row seating, lane keep assist if possible; but skip android auto, rear entertainment system. Use: 1 dogs sometimes. If possible, Audi A4.","{""mk"":[""Audi""],""md"":[""A4""],""tr"":""unspecified"",""vt"":{""inc"":[""minivan""],""exc"":[""coupe""]},""cp"":{""seat_min"":""unspecified"",""kids"":""unspecified"",""pets"":1,""cargo_pri"":""low"",""cargo_fx"":{""hatch"":""true"",""foldflat"":""unspecified""}},""iu"":{""tags"":[""cargo"",""pleasure"",""animals""]},""pd"":{""tx"":""other"",""dt"":""unspecified"",""pt"":[""electric""],""fe_pri"":""high""},""fa"":{""must"":[""leather_seats"",""panoramic_roof""],""nice"":[""third_row_seating"",""lane_keep_assist""],""avoid"":[""android_auto"",""rear_entertainment_system""]},""oc"":{""bud"":{""cur"":840,""min"":26000,""max"":32000,""max_strict"":""true""},""yr"":{""min"":""unspecified"",""max"":""unspecified""},""mi"":{""max"":""unspecified"",""qual"":[""unspecified""]},""owners"":""unspecified""},""ps"":{""rel_pri"":""unspecified"",""clr"":[""gray"",""silver""]},""lc"":{""cty"":""unspecified"",""st"":""unspecified"",""rad"":""unspecified""}}<END_JSON>",complete
12,"I'm shopping for a suv (not a hatchback). I want diesel with any drivetrain and automatic transmission. between $26k and $32k. it has to have android auto; I'd like apple carplay, bluetooth if possible; but skip lane departure warning. Use: 2 dogs sometimes, at least 5 seats, I haul gear. If possible, Nissan Rogue. Try for 2019+ and under 60000 miles.","{""mk"":[""Nissan""],""md"":[""Rogue""],""tr"":""unspecified"",""vt"":{""inc"":[""suv""],""exc"":[""hatchback""]},""cp"":{""seat_min"":5,""kids"":""unspecified"",""pets"":2,""cargo_pri"":""high"",""cargo_fx"":{""hatch"":""true"",""foldflat"":""true""}},""iu"":{""tags"":[""animals"",""cargo""]},""pd"":{""tx"":""automatic"",""dt"":""unspecified"",""pt"":[""diesel""],""fe_pri"":""high""},""fa"":{""must"":[""android_auto""],""nice"":[""apple_carplay"",""bluetooth""],""avoid"":[""lane_departure_warning""]},""oc"":{""bud"":{""cur"":840,""min"":26000,""max"":32000,""max_strict"":""true""},""yr"":{""min"":2019,""max"":""unspecified""},""mi"":{""max"":60000,""qual"":[""unspecified""]},""owners"":""unspecified""},""ps"":{""rel_pri"":""performance_first"",""clr"":[""teal"",""navy""]},""lc"":{""cty"":""unspecified"",""st"":""unspecified"",""rad"":""unspecified""}}<END_JSON>",complete
13,"I'm shopping for a van (not a suv). I want a hybrid with RWD drivetrain and other transmission. keep it around $30k—give or take a bit. it has to have apple carplay; I'd like keyless entry if possible; but skip built in navigation. Use: 1 kids most days, at least 7 seats, I haul gear. Try for 2018+ and under 90000 miles.","{""mk"":[""unspecified""],""md"":[""unspecified""],""tr"":""unspecified"",""vt"":{""inc"":[""van""],""exc"":[""suv""]},""cp"":{""seat_min"":7,""kids"":1,""pets"":""unspecified"",""cargo_pri"":""high"",""cargo_fx"":{""hatch"":""false"",""foldflat"":""true""}},""iu"":{""tags"":[""family""]},""pd"":{""tx"":""other"",""dt"":""RWD"",""pt"":[""hybrid""],""fe_pri"":""unspecified""},""fa"":{""must"":[""apple_carplay""],""nice"":[""keyless_entry""],""avoid"":[""built_in_navigation""]},""oc"":{""bud"":{""cur"":840,""min"":""unspecified"",""max"":30000,""max_strict"":""false""},""yr"":{""min"":2018,""max"":""unspecified""},""mi"":{""max"":90000,""qual"":[""unspecified""]},""owners"":""unspecified""},""ps"":{""rel_pri"":""performance_first"",""clr"":[""white""]},""lc"":{""cty"":""unspecified"",""st"":""unspecified"",""rad"":""unspecified""}}<END_JSON>",complete
14,"I'm shopping for a crossover (not a wagon). I want a hybrid with 4WD drivetrain and manual transmission. I'd like to be near $30k, but I could stretch to $33k. it has to have heated seats; I'd like sliding doors, heated steering wheel if possible; but skip lane keep assist. Use: at least 5 seats, some cargo space matters. If possible, Toyota RAV4. Keep it under 90000 miles.","{""mk"":[""Toyota""],""md"":[""RAV4""],""tr"":""unspecified"",""vt"":{""inc"":[""crossover""],""exc"":[""wagon""]},""cp"":{""seat_min"":5,""kids"":""unspecified"",""pets"":""unspecified"",""cargo_pri"":""medium"",""cargo_fx"":{""hatch"":""false"",""foldflat"":""false""}},""iu"":{""tags"":[""cargo"",""off_road"",""animals""]},""pd"":{""tx"":""manual"",""dt"":""4WD"",""pt"":[""hybrid""],""fe_pri"":""unspecified""},""fa"":{""must"":[""heated_seats""],""nice"":[""sliding_doors"",""heated_steering_wheel""],""avoid"":[""lane_keep_assist""]},""oc"":{""bud"":{""cur"":840,""min"":""unspecified"",""max"":33000,""max_strict"":""false""},""yr"":{""min"":""unspecified"",""max"":""unspecified""},""mi"":{""max"":90000,""qual"":[""unspecified""]},""owners"":""unspecified""},""ps"":{""rel_pri"":""luxury_ok"",""clr"":[""green""]},""lc"":{""cty"":""unspecified"",""st"":""unspecified"",""rad"":""unspecified""}}<END_JSON>",complete
15,"I'm shopping for a wagon (not a suv). I want a plug-in hybrid with FWD drivetrain and automatic transmission. between $26k and $32k. it has to have tow package, wireless charging; I'd like keyless entry, built in navigation if possible; but skip backup camera, apple carplay. Use: general daily driving. Prefer 2019 or newer.","{""mk"":[""unspecified""],""md"":[""unspecified""],""tr"":""unspecified"",""vt"":{""inc"":[""wagon""],""exc"":[""suv""]},""cp"":{""seat_min"":""unspecified"",""kids"":""unspecified"",""pets"":""unspecified"",""cargo_pri"":""unspecified"",""cargo_fx"":{""hatch"":""unspecified"",""foldflat"":""false""}},""iu"":{""tags"":[""off_road""]},""pd"":{""tx"":""automatic"",""dt"":""FWD"",""pt"":[""plug_in_hybrid""],""fe_pri"":""high""},""fa"":{""must"":[""tow_package"",""wireless_charging""],""nice"":[""keyless_entry"",""built_in_navigation""],""avoid"":[""backup_camera"",""apple_carplay""]},""oc"":{""bud"":{""cur"":840,""min"":26000,""max"":32000,""max_strict"":""true""},""yr"":{""min"":2019,""max"":""unspecified""},""mi"":{""max"":""unspecified"",""qual"":[""unspecified""]},""owners"":""unspecified""},""ps"":{""rel_pri"":""performance_first"",""clr"":[""purple""]},""lc"":{""cty"":""unspecified"",""st"":""unspecified"",""rad"":""unspecified""}}<END_JSON>",complete
16,"I'm shopping for a van. I want diesel with any drivetrain and any transmission. I'd rather stay in the high 20s. it has to have remote start, adaptive cruise control; I'd like panoramic roof, front parking sensors if possible; but skip lane departure warning. Use: 2 dogs sometimes, light towing on weekends. Try for 2019+ and under 90000 miles.","{""mk"":[""unspecified""],""md"":[""unspecified""],""tr"":""unspecified"",""vt"":{""inc"":[""van""],""exc"":[""unspecified""]},""cp"":{""seat_min"":""unspecified"",""kids"":""unspecified"",""pets"":2,""cargo_pri"":""low"",""cargo_fx"":{""hatch"":""unspecified"",""foldflat"":""false""}},""iu"":{""tags"":[""animals"",""pleasure"",""towing""]},""pd"":{""tx"":""unspecified"",""dt"":""unspecified"",""pt"":[""diesel""],""fe_pri"":""medium""},""fa"":{""must"":[""remote_start"",""adaptive_cruise_control""],""nice"":[""panoramic_roof"",""front_parking_sensors""],""avoid"":[""lane_departure_warning""]},""oc"":{""bud"":{""cur"":840,""min"":26000,""max"":29000,""max_strict"":""false""},""yr"":{""min"":2019,""max"":""unspecified""},""mi"":{""max"":90000,""qual"":[""unspecified""]},""owners"":""unspecified""},""ps"":{""rel_pri"":""luxury_ok"",""clr"":[""red"",""green""]},""lc"":{""cty"":""unspecified"",""st"":""unspecified"",""rad"":""unspecified""}}<END_JSON>",complete
17,"I'm shopping for a hatchback. I want a plug-in hybrid with 4WD drivetrain and dual_clutch transmission. between $26k and $32k. it has to have heated steering wheel, panoramic roof; I'd like premium audio if possible; but skip sliding doors, heated seats. Use: I haul gear. Try for 2021+ and under 75000 miles.","{""mk"":[""unspecified""],""md"":[""unspecified""],""tr"":""unspecified"",""vt"":{""inc"":[""hatchback""],""exc"":[""unspecified""]},""cp"":{""seat_min"":""unspecified"",""kids"":""unspecified"",""pets"":""unspecified"",""cargo_pri"":""high"",""cargo_fx"":{""hatch"":""true"",""foldflat"":""true""}},""iu"":{""tags"":[""travel"",""pleasure"",""rideshare""]},""pd"":{""tx"":""dual_clutch"",""dt"":""4WD"",""pt"":[""plug_in_hybrid""],""fe_pri"":""high""},""fa"":{""must"":[""heated_steering_wheel"",""panoramic_roof""],""nice"":[""premium_audio""],""avoid"":[""sliding_doors"",""heated_seats""]},""oc"":{""bud"":{""cur"":840,""min"":26000,""max"":32000,""max_strict"":""true""},""yr"":{""min"":2021,""max"":""unspecified""},""mi"":{""max"":75000,""qual"":[""unspecified""]},""owners"":""unspecified""},""ps"":{""rel_pri"":""performance_first"",""clr"":[""brown""]},""lc"":{""cty"":""unspecified"",""st"":""unspecified"",""rad"":""unspecified""}}<END_JSON>",complete
18,"I'm shopping for a hatchback (not a sedan). I want electric with RWD drivetrain and any transmission. under $29k out the door. it has to have ventilated seats, rear parking sensors; I'd like android auto if possible; but skip apple carplay. Use: at least 5 seats. Try for 2022+ and under 45000 miles.","{""mk"":[""unspecified""],""md"":[""unspecified""],""tr"":""unspecified"",""vt"":{""inc"":[""hatchback""],""exc"":[""sedan""]},""cp"":{""seat_min"":5,""kids"":""unspecified"",""pets"":""unspecified"",""cargo_pri"":""low"",""cargo_fx"":{""hatch"":""false"",""foldflat"":""true""}},""iu"":{""tags"":[""cargo""]},""pd"":{""tx"":""unspecified"",""dt"":""RWD"",""pt"":[""electric""],""fe_pri"":""medium""},""fa"":{""must"":[""ventilated_seats"",""rear_parking_sensors""],""nice"":[""android_auto""],""avoid"":[""apple_carplay""]},""oc"":{""bud"":{""cur"":840,""min"":""unspecified"",""max"":29000,""max_strict"":""true""},""yr"":{""min"":2022,""max"":""unspecified""},""mi"":{""max"":45000,""qual"":[""unspecified""]},""owners"":""unspecified""},""ps"":{""rel_pri"":""low_cost"",""clr"":[""white"",""brown""]},""lc"":{""cty"":""unspecified"",""st"":""unspecified"",""rad"":""unspecified""}}<END_JSON>",complete
19,"I'm shopping for a truck. I want diesel with RWD drivetrain and manual transmission. under $29k out the door. it has to have third row seating, bluetooth; I'd like panoramic roof if possible; but skip premium audio, wireless charging. Use: at least 5 seats, light towing on weekends. If possible, Kia Telluride. Try for 2022+ and under 75000 miles.","{""mk"":[""Kia""],""md"":[""Telluride""],""tr"":""unspecified"",""vt"":{""inc"":[""truck""],""exc"":[""unspecified""]},""cp"":{""seat_min"":5,""kids"":""unspecified"",""pets"":""unspecified"",""cargo_pri"":""unspecified"",""cargo_fx"":{""hatch"":""false"",""foldflat"":""unspecified""}},""iu"":{""tags"":[""rideshare"",""towing"",""work_light""]},""pd"":{""tx"":""manual"",""dt"":""RWD"",""pt"":[""diesel""],""fe_pri"":""unspecified""},""fa"":{""must"":[""third_row_seating"",""bluetooth""],""nice"":[""panoramic_roof""],""avoid"":[""premium_audio"",""wireless_charging""]},""oc"":{""bud"":{""cur"":840,""min"":""unspecified"",""max"":29000,""max_strict"":""true""},""yr"":{""min"":2022,""max"":""unspecified""},""mi"":{""max"":75000,""qual"":[""unspecified""]},""owners"":""unspecified""},""ps"":{""rel_pri"":""performance_first"",""clr"":[""beige""]},""lc"":{""cty"":""unspecified"",""st"":""unspecified"",""rad"":""unspecified""}}<END_JSON>",complete
20,"I'm shopping for a coupe (not a wagon). I want a mild hybrid with 4WD drivetrain and automatic transmission. $30k-ish, but I'd love closer to $27k. it has to have lane departure warning, premium audio; I'd like heated steering wheel, blind spot monitoring if possible; but skip wireless charging. Use: at least 5 seats, some cargo space matters. Try for 2021+ and under 90000 miles.","{""mk"":[""unspecified""],""md"":[""unspecified""],""tr"":""unspecified"",""vt"":{""inc"":[""coupe""],""exc"":[""wagon""]},""cp"":{""seat_min"":5,""kids"":""unspecified"",""pets"":""unspecified"",""cargo_pri"":""medium"",""cargo_fx"":{""hatch"":""false"",""foldflat"":""false""}},""iu"":{""tags"":[""cargo""]},""pd"":{""tx"":""automatic"",""dt"":""4WD"",""pt"":[""mild_hybrid""],""fe_pri"":""unspecified""},""fa"":{""must"":[""lane_departure_warning"",""premium_audio""],""nice"":[""heated_steering_wheel"",""blind_spot_monitoring""],""avoid"":[""wireless_charging""]},""oc"":{""bud"":{""cur"":840,""min"":""unspecified"",""max"":30000,""max_strict"":""false""},""yr"":{""min"":2021,""max"":""unspecified""},""mi"":{""max"":90000,""qual"":[""unspecified""]},""owners"":""unspecified""},""ps"":{""rel_pri"":""performance_first"",""clr"":[""black"",""orange""]},""lc"":{""cty"":""unspecified"",""st"":""unspecified"",""rad"":""unspecified""}}<END_JSON>",complete
21,"I'm shopping for a convertible. I want a plug-in hybrid with RWD drivetrain and dual_clutch transmission. I'd rather stay in the high 20s. it has to have lane departure warning, panoramic roof; I'd like rear entertainment system, heated seats if possible; but skip android auto, memory seats. Use: at least 5 seats, some cargo space matters, light towing on weekends. Try for 2021+ and under 45000 miles.","{""mk"":[""unspecified""],""md"":[""unspecified""],""tr"":""unspecified"",""vt"":{""inc"":[""convertible""],""exc"":[""unspecified""]},""cp"":{""seat_min"":5,""kids"":""unspecified"",""pets"":""unspecified"",""cargo_pri"":""medium"",""cargo_fx"":{""hatch"":""true"",""foldflat"":""false""}},""iu"":{""tags"":[""rideshare"",""towing"",""cargo""]},""pd"":{""tx"":""dual_clutch"",""dt"":""RWD"",""pt"":[""plug_in_hybrid""],""fe_pri"":""low""},""fa"":{""must"":[""lane_departure_warning"",""panoramic_roof""],""nice"":[""rear_entertainment_system"",""heated_seats""],""avoid"":[""android_auto"",""memory_seats""]},""oc"":{""bud"":{""cur"":840,""min"":26000,""max"":29000,""max_strict"":""false""},""yr"":{""min"":2021,""max"":""unspecified""},""mi"":{""max"":45000,""qual"":[""unspecified""]},""owners"":""unspecified""},""ps"":{""rel_pri"":""luxury_ok"",""clr"":[""silver""]},""lc"":{""cty"":""unspecified"",""st"":""unspecified"",""rad"":""unspecified""}}<END_JSON>",complete
22,"I'm shopping for a hatchback (not a sedan). I want a plug-in hybrid with FWD drivetrain and dual_clutch transmission. around thirty grand, ideally a little under. it has to have third row seating, sliding doors; I'd like wireless charging if possible; but skip rear entertainment system. Use: general daily driving. Prefer 2022 or newer.","{""mk"":[""unspecified""],""md"":[""unspecified""],""tr"":""unspecified"",""vt"":{""inc"":[""hatchback""],""exc"":[""sedan""]},""cp"":{""seat_min"":""unspecified"",""kids"":""unspecified"",""pets"":""unspecified"",""cargo_pri"":""unspecified"",""cargo_fx"":{""hatch"":""true"",""foldflat"":""unspecified""}},""iu"":{""tags"":[""pleasure"",""work_light""]},""pd"":{""tx"":""dual_clutch"",""dt"":""FWD"",""pt"":[""plug_in_hybrid""],""fe_pri"":""high""},""fa"":{""must"":[""third_row_seating"",""sliding_doors""],""nice"":[""wireless_charging""],""avoid"":[""rear_entertainment_system""]},""oc"":{""bud"":{""cur"":840,""min"":""unspecified"",""max"":30000,""max_strict"":""false""},""yr"":{""min"":2022,""max"":""unspecified""},""mi"":{""max"":""unspecified"",""qual"":[""unspecified""]},""owners"":""unspecified""},""ps"":{""rel_pri"":""balanced"",""clr"":[""brown""]},""lc"":{""cty"":""unspecified"",""st"":""unspecified"",""rad"":""unspecified""}}<END_JSON>",complete
23,"I'm shopping for a hatchback (not a suv). I want electric with FWD drivetrain and cvt transmission. between $26k and $32k. it has to have bluetooth; I'd like lane keep assist if possible; but skip third row seating. Use: some cargo space matters, I care about handling and acceleration. Try for 2020+ and under 90000 miles.","{""mk"":[""unspecified""],""md"":[""unspecified""],""tr"":""unspecified"",""vt"":{""inc"":[""hatchback""],""exc"":[""suv""]},""cp"":{""seat_min"":""unspecified"",""kids"":""unspecified"",""pets"":""unspecified"",""cargo_pri"":""medium"",""cargo_fx"":{""hatch"":""unspecified"",""foldflat"":""unspecified""}},""iu"":{""tags"":[""performance""]},""pd"":{""tx"":""cvt"",""dt"":""FWD"",""pt"":[""electric""],""fe_pri"":""medium""},""fa"":{""must"":[""bluetooth""],""nice"":[""lane_keep_assist""],""avoid"":[""third_row_seating""]},""oc"":{""bud"":{""cur"":840,""min"":26000,""max"":32000,""max_strict"":""true""},""yr"":{""min"":2020,""max"":""unspecified""},""mi"":{""max"":90000,""qual"":[""unspecified""]},""owners"":""unspecified""},""ps"":{""rel_pri"":""unspecified"",""clr"":[""silver""]},""lc"":{""cty"":""unspecified"",""st"":""unspecified"",""rad"":""unspecified""}}<END_JSON>",complete
24,"I'm shopping for a wagon (not a coupe). I want a plug-in hybrid with any drivetrain and dual_clutch transmission. around thirty grand, ideally a little under. it has to have wireless charging; I'd like backup camera, remote start if possible; but skip android auto, ventilated seats. Use: general daily driving. Try for 2020+ and under 60000 miles.","{""mk"":[""unspecified""],""md"":[""unspecified""],""tr"":""unspecified"",""vt"":{""inc"":[""wagon""],""exc"":[""coupe""]},""cp"":{""seat_min"":""unspecified"",""kids"":""unspecified"",""pets"":""unspecified"",""cargo_pri"":""low"",""cargo_fx"":{""hatch"":""unspecified"",""foldflat"":""unspecified""}},""iu"":{""tags"":[""budget_value"",""travel"",""off_road""]},""pd"":{""tx"":""dual_clutch"",""dt"":""unspecified"",""pt"":[""plug_in_hybrid""],""fe_pri"":""high""},""fa"":{""must"":[""wireless_charging""],""nice"":[""backup_camera"",""remote_start""],""avoid"":[""android_auto"",""ventilated_seats""]},""oc"":{""bud"":{""cur"":840,""min"":""unspecified"",""max"":30000,""max_strict"":""false""},""yr"":{""min"":2020,""max"":""unspecified""},""mi"":{""max"":60000,""qual"":[""unspecified""]},""owners"":""unspecified""},""ps"":{""rel_pri"":""luxury_ok"",""clr"":[""navy"",""burgundy""]},""lc"":{""cty"":""unspecified"",""st"":""unspecified"",""rad"":""unspecified""}}<END_JSON>",complete
25,"I'm shopping for a suv (not a van). I want electric with any drivetrain and other transmission. between $26k and $32k. it has to have backup camera, ventilated seats; I'd like leather seats, premium audio if possible; but skip remote start. Use: at least 5 seats, some cargo space matters. If possible, Ford Mustang. Try for 2021+ and under 75000 miles.","{""mk"":[""Ford""],""md"":[""Mustang""],""tr"":""unspecified"",""vt"":{""inc"":[""suv""],""exc"":[""van""]},""cp"":{""seat_min"":5,""kids"":""unspecified"",""pets"":""unspecified"",""cargo_pri"":""medium"",""cargo_fx"":{""hatch"":""true"",""foldflat"":""true""}},""iu"":{""tags"":[""animals""]},""pd"":{""tx"":""other"",""dt"":""unspecified"",""pt"":[""electric""],""fe_pri"":""unspecified""},""fa"":{""must"":[""backup_camera"",""ventilated_seats""],""nice"":[""leather_seats"",""premium_audio""],""avoid"":[""remote_start""]},""oc"":{""bud"":{""cur"":840,""min"":26000,""max"":32000,""max_strict"":""true""},""yr"":{""min"":2021,""max"":""unspecified""},""mi"":{""max"":75000,""qual"":[""unspecified""]},""owners"":""unspecified""},""ps"":{""rel_pri"":""balanced"",""clr"":[""teal""]},""lc"":{""cty"":""unspecified"",""st"":""unspecified"",""rad"":""unspecified""}}<END_JSON>",complete
26,"I'm shopping for a van (not a convertible). I want gas with FWD drivetrain and manual transmission. I'd rather stay in the high 20s. it has to have lane keep assist; I'd like wireless charging, built in navigation if possible; but skip heated steering wheel, sliding doors. Use: at least 5 seats, some cargo space matters, I care about handling and acceleration. If possible, Ford Mustang. Try for 2020+ and under 75000 miles.","{""mk"":[""Ford""],""md"":[""Mustang""],""tr"":""unspecified"",""vt"":{""inc"":[""van""],""exc"":[""convertible""]},""cp"":{""seat_min"":5,""kids"":""unspecified"",""pets"":""unspecified"",""cargo_pri"":""medium"",""cargo_fx"":{""hatch"":""unspecified"",""foldflat"":""true""}},""iu"":{""tags"":[""budget_value"",""cargo"",""performance""]},""pd"":{""tx"":""manual"",""dt"":""FWD"",""pt"":[""gas""],""fe_pri"":""unspecified""},""fa"":{""must"":[""lane_keep_assist""],""nice"":[""wireless_charging"",""built_in_navigation""],""avoid"":[""heated_steering_wheel"",""sliding_doors""]},""oc"":{""bud"":{""cur"":840,""min"":26000,""max"":29000,""max_strict"":""false""},""yr"":{""min"":2020,""max"":""unspecified""},""mi"":{""max"":75000,""qual"":[""unspecified""]},""owners"":""unspecified""},""ps"":{""rel_pri"":""low_cost"",""clr"":[""beige"",""brown""]},""lc"":{""cty"":""unspecified"",""st"":""unspecified"",""rad"":""unspecified""}}<END_JSON>",complete
27,"I'm shopping for a crossover (not a coupe). I want a mild hybrid with RWD drivetrain and cvt transmission. I'd like to be near $30k, but I could stretch to $33k. it has to have sliding doors; I'd like lane keep assist if possible; but skip rear parking sensors. Use: some cargo space matters. If possible, Ford F-150. Try for 2021+ and under 60000 miles.","{""mk"":[""Ford""],""md"":[""F-150""],""tr"":""unspecified"",""vt"":{""inc"":[""crossover""],""exc"":[""coupe""]},""cp"":{""seat_min"":""unspecified"",""kids"":""unspecified"",""pets"":""unspecified"",""cargo_pri"":""medium"",""cargo_fx"":{""hatch"":""false"",""foldflat"":""unspecified""}},""iu"":{""tags"":[""rideshare"",""luxury"",""commute""]},""pd"":{""tx"":""cvt"",""dt"":""RWD"",""pt"":[""mild_hybrid""],""fe_pri"":""high""},""fa"":{""must"":[""sliding_doors""],""nice"":[""lane_keep_assist""],""avoid"":[""rear_parking_sensors""]},""oc"":{""bud"":{""cur"":840,""min"":""unspecified"",""max"":33000,""max_strict"":""false""},""yr"":{""min"":2021,""max"":""unspecified""},""mi"":{""max"":60000,""qual"":[""unspecified""]},""owners"":""unspecified""},""ps"":{""rel_pri"":""unspecified"",""clr"":[""white"",""teal""]},""lc"":{""cty"":""unspecified"",""st"":""unspecified"",""rad"":""unspecified""}}<END_JSON>",complete
28,"I'm shopping for a hatchback. I want a plug-in hybrid with RWD drivetrain and automatic transmission. hard cap at $30k. it has to have ventilated seats, adaptive cruise control; I'd like heated seats if possible; but skip panoramic roof. Use: 2 kids most days, 1 dogs sometimes, at least 6 seats. If possible, Hyundai Sonata. Try for 2020+ and under 45000 miles.","{""mk"":[""Hyundai""],""md"":[""Sonata""],""tr"":""unspecified"",""vt"":{""inc"":[""hatchback""],""exc"":[""unspecified""]},""cp"":{""seat_min"":6,""kids"":2,""pets"":1,""cargo_pri"":""low"",""cargo_fx"":{""hatch"":""false"",""foldflat"":""false""}},""iu"":{""tags"":[""animals"",""family""]},""pd"":{""tx"":""automatic"",""dt"":""RWD"",""pt"":[""plug_in_hybrid""],""fe_pri"":""low""},""fa"":{""must"":[""ventilated_seats"",""adaptive_cruise_control""],""nice"":[""heated_seats""],""avoid"":[""panoramic_roof""]},""oc"":{""bud"":{""cur"":840,""min"":""unspecified"",""max"":30000,""max_strict"":""true""},""yr"":{""min"":2020,""max"":""unspecified""},""mi"":{""max"":45000,""qual"":[""unspecified""]},""owners"":""unspecified""},""ps"":{""rel_pri"":""luxury_ok"",""clr"":[""teal""]},""lc"":{""cty"":""unspecified"",""st"":""unspecified"",""rad"":""unspecified""}}<END_JSON>",complete
29,"I'm shopping for a suv. I want a hybrid with 4WD drivetrain and cvt transmission. keep it around $30k—give or take a bit. it has to have sunroof; I'd like built in navigation if possible; but skip heated seats. Use: light towing on weekends. If possible, BMW 3 Series. Try for 2021+ and under 90000 miles.","{""mk"":[""BMW""],""md"":[""3 Series""],""tr"":""unspecified"",""vt"":{""inc"":[""suv""],""exc"":[""unspecified""]},""cp"":{""seat_min"":""unspecified"",""kids"":""unspecified"",""pets"":""unspecified"",""cargo_pri"":""low"",""cargo_fx"":{""hatch"":""unspecified"",""foldflat"":""false""}},""iu"":{""tags"":[""travel"",""towing""]},""pd"":{""tx"":""cvt"",""dt"":""4WD"",""pt"":[""hybrid""],""fe_pri"":""low""},""fa"":{""must"":[""sunroof""],""nice"":[""built_in_navigation""],""avoid"":[""heated_seats""]},""oc"":{""bud"":{""cur"":840,""min"":""unspecified"",""max"":30000,""max_strict"":""false""},""yr"":{""min"":2021,""max"":""unspecified""},""mi"":{""max"":90000,""qual"":[""unspecified""]},""owners"":""unspecified""},""ps"":{""rel_pri"":""performance_first"",""clr"":[""white"",""brown""]},""lc"":{""cty"":""unspecified"",""st"":""unspecified"",""rad"":""unspecified""}}<END_JSON>",complete
30,"I'm shopping for a truck (not a coupe). I want diesel with 4WD drivetrain and any transmission. $30k-ish, but I'd love closer to $27k. it has to have sliding doors, android auto; I'd like blind spot monitoring if possible; but skip front parking sensors. Use: some cargo space matters. Prefer 2020 or newer.","{""mk"":[""unspecified""],""md"":[""unspecified""],""tr"":""unspecified"",""vt"":{""inc"":[""truck""],""exc"":[""coupe""]},""cp"":{""seat_min"":""unspecified"",""kids"":""unspecified"",""pets"":""unspecified"",""cargo_pri"":""medium"",""cargo_fx"":{""hatch"":""unspecified"",""foldflat"":""unspecified""}},""iu"":{""tags"":[""cargo"",""travel"",""off_road""]},""pd"":{""tx"":""unspecified"",""dt"":""4WD"",""pt"":[""diesel""],""fe_pri"":""medium""},""fa"":{""must"":[""sliding_doors"",""android_auto""],""nice"":[""blind_spot_monitoring""],""avoid"":[""front_parking_sensors""]},""oc"":{""bud"":{""cur"":840,""min"":""unspecified"",""max"":30000,""max_strict"":""false""},""yr"":{""min"":2020,""max"":""unspecified""},""mi"":{""max"":""unspecified"",""qual"":[""unspecified""]},""owners"":""unspecified""},""ps"":{""rel_pri"":""performance_first"",""clr"":[""tan"",""yellow""]},""lc"":{""cty"":""unspecified"",""st"":""unspecified"",""rad"":""unspecified""}}<END_JSON>",complete
31,"I'm shopping for a truck (not a convertible). I want a mild hybrid with FWD drivetrain and other transmission. between $26k and $32k. it has to have adaptive cruise control; I'd like memory seats if possible; but skip sliding doors. Use: light towing on weekends. If possible, Tesla Model Y. Try for 2018+ and under 90000 miles.","{""mk"":[""Tesla""],""md"":[""Model Y""],""tr"":""unspecified"",""vt"":{""inc"":[""truck""],""exc"":[""convertible""]},""cp"":{""seat_min"":""unspecified"",""kids"":""unspecified"",""pets"":""unspecified"",""cargo_pri"":""unspecified"",""cargo_fx"":{""hatch"":""false"",""foldflat"":""unspecified""}},""iu"":{""tags"":[""towing""]},""pd"":{""tx"":""other"",""dt"":""FWD"",""pt"":[""mild_hybrid""],""fe_pri"":""high""},""fa"":{""must"":[""adaptive_cruise_control""],""nice"":[""memory_seats""],""avoid"":[""sliding_doors""]},""oc"":{""bud"":{""cur"":840,""min"":26000,""max"":32000,""max_strict"":""true""},""yr"":{""min"":2018,""max"":""unspecified""},""mi"":{""max"":90000,""qual"":[""unspecified""]},""owners"":""unspecified""},""ps"":{""rel_pri"":""unspecified"",""clr"":[""beige"",""blue""]},""lc"":{""cty"":""unspecified"",""st"":""unspecified"",""rad"":""unspecified""}}<END_JSON>",complete
32,"I'm shopping for a truck (not a coupe). I want a mild hybrid with AWD drivetrain and manual transmission. hard cap at $30k. it has to have memory seats, ventilated seats; I'd like keyless entry, rear parking sensors if possible; but skip wireless charging. Use: at least 5 seats, I haul gear. If possible, Ford Mustang. Keep it under 90000 miles.","{""mk"":[""Ford""],""md"":[""Mustang""],""tr"":""unspecified"",""vt"":{""inc"":[""truck""],""exc"":[""coupe""]},""cp"":{""seat_min"":5,""kids"":""unspecified"",""pets"":""unspecified"",""cargo_pri"":""high"",""cargo_fx"":{""hatch"":""true"",""foldflat"":""true""}},""iu"":{""tags"":[""work_light"",""pleasure""]},""pd"":{""tx"":""manual"",""dt"":""AWD"",""pt"":[""mild_hybrid""],""fe_pri"":""high""},""fa"":{""must"":[""memory_seats"",""ventilated_seats""],""nice"":[""keyless_entry"",""rear_parking_sensors""],""avoid"":[""wireless_charging""]},""oc"":{""bud"":{""cur"":840,""min"":""unspecified"",""max"":30000,""max_strict"":""true""},""yr"":{""min"":""unspecified"",""max"":""unspecified""},""mi"":{""max"":90000,""qual"":[""unspecified""]},""owners"":""unspecified""},""ps"":{""rel_pri"":""luxury_ok"",""clr"":[""burgundy""]},""lc"":{""cty"":""unspecified"",""st"":""unspecified"",""rad"":""unspecified""}}<END_JSON>",complete
33,"I'm shopping for a convertible (not a crossover). I want a hybrid with FWD drivetrain and other transmission. I'd like to be near $30k, but I could stretch to $33k. it has to have heated steering wheel, memory seats; I'd like apple carplay, backup camera if possible; but skip sliding doors. Use: at least 5 seats, I care about handling and acceleration. Try for 2021+ and under 90000 miles.","{""mk"":[""unspecified""],""md"":[""unspecified""],""tr"":""unspecified"",""vt"":{""inc"":[""convertible""],""exc"":[""crossover""]},""cp"":{""seat_min"":5,""kids"":""unspecified"",""pets"":""unspecified"",""cargo_pri"":""low"",""cargo_fx"":{""hatch"":""false"",""foldflat"":""true""}},""iu"":{""tags"":[""budget_value"",""performance"",""off_road""]},""pd"":{""tx"":""other"",""dt"":""FWD"",""pt"":[""hybrid""],""fe_pri"":""medium""},""fa"":{""must"":[""heated_steering_wheel"",""memory_seats""],""nice"":[""apple_carplay"",""backup_camera""],""avoid"":[""sliding_doors""]},""oc"":{""bud"":{""cur"":840,""min"":""unspecified"",""max"":33000,""max_strict"":""false""},""yr"":{""min"":2021,""max"":""unspecified""},""mi"":{""max"":90000,""qual"":[""unspecified""]},""owners"":""unspecified""},""ps"":{""rel_pri"":""low_cost"",""clr"":[""brown""]},""lc"":{""cty"":""unspecified"",""st"":""unspecified"",""rad"":""unspecified""}}<END_JSON>",complete
34,"I'm shopping for a hatchback (not a convertible). I want electric with 4WD drivetrain and dual_clutch transmission. I'd rather stay in the high 20s. it has to have leather seats, roof rack; I'd like adaptive cruise control if possible; but skip ventilated seats, rear parking sensors. Use: at least 5 seats. Try for 2019+ and under 75000 miles.","{""mk"":[""unspecified""],""md"":[""unspecified""],""tr"":""unspecified"",""vt"":{""inc"":[""hatchback""],""exc"":[""convertible""]},""cp"":{""seat_min"":5,""kids"":""unspecified"",""pets"":""unspecified"",""cargo_pri"":""unspecified"",""cargo_fx"":{""hatch"":""false"",""foldflat"":""false""}},""iu"":{""tags"":[""travel"",""rideshare"",""budget_value""]},""pd"":{""tx"":""dual_clutch"",""dt"":""4WD"",""pt"":[""electric""],""fe_pri"":""medium""},""fa"":{""must"":[""leather_seats"",""roof_rack""],""nice"":[""adaptive_cruise_control""],""avoid"":[""ventilated_seats"",""rear_parking_sensors""]},""oc"":{""bud"":{""cur"":840,""min"":26000,""max"":29000,""max_strict"":""false""},""yr"":{""min"":2019,""max"":""unspecified""},""mi"":{""max"":75000,""qual"":[""unspecified""]},""owners"":""unspecified""},""ps"":{""rel_pri"":""unspecified"",""clr"":[""red"",""burgundy""]},""lc"":{""cty"":""unspecified"",""st"":""unspecified"",""rad"":""unspecified""}}<END_JSON>",complete
35,"I'm shopping for a crossover (not a minivan). I want diesel with RWD drivetrain and manual transmission. I'd like to be near $30k, but I could stretch to $33k. it has to have lane departure warning; I'd like keyless entry, sliding doors if possible; but skip remote start, memory seats. Use: some cargo space matters, I care about handling and acceleration. Try for 2018+ and under 45000 miles.","{""mk"":[""unspecified""],""md"":[""unspecified""],""tr"":""unspecified"",""vt"":{""inc"":[""crossover""],""exc"":[""minivan""]},""cp"":{""seat_min"":""unspecified"",""kids"":""unspecified"",""pets"":""unspecified"",""cargo_pri"":""medium"",""cargo_fx"":{""hatch"":""unspecified"",""foldflat"":""false""}},""iu"":{""tags"":[""pleasure"",""performance"",""work_light""]},""pd"":{""tx"":""manual"",""dt"":""RWD"",""pt"":[""diesel""],""fe_pri"":""unspecified""},""fa"":{""must"":[""lane_departure_warning""],""nice"":[""keyless_entry"",""sliding_doors""],""avoid"":[""remote_start"",""memory_seats""]},""oc"":{""bud"":{""cur"":840,""min"":""unspecified"",""max"":33000,""max_strict"":""false""},""yr"":{""min"":2018,""max"":""unspecified""},""mi"":{""max"":45000,""qual"":[""unspecified""]},""owners"":""unspecified""},""ps"":{""rel_pri"":""low_cost"",""clr"":[""gray"",""burgundy""]},""lc"":{""cty"":""unspecified"",""st"":""unspecified"",""rad"":""unspecified""}}<END_JSON>",complete
36,"I'm shopping for a sedan. I want electric with FWD drivetrain and cvt transmission. under $29k out the door. it has to have lane departure warning; I'd like front parking sensors, panoramic roof if possible; but skip roof rack, blind spot monitoring. Use: general daily driving. Prefer 2022 or newer.","{""mk"":[""unspecified""],""md"":[""unspecified""],""tr"":""unspecified"",""vt"":{""inc"":[""sedan""],""exc"":[""unspecified""]},""cp"":{""seat_min"":""unspecified"",""kids"":""unspecified"",""pets"":""unspecified"",""cargo_pri"":""low"",""cargo_fx"":{""hatch"":""true"",""foldflat"":""unspecified""}},""iu"":{""tags"":[""pleasure""]},""pd"":{""tx"":""cvt"",""dt"":""FWD"",""pt"":[""electric""],""fe_pri"":""unspecified""},""fa"":{""must"":[""lane_departure_warning""],""nice"":[""front_parking_sensors"",""panoramic_roof""],""avoid"":[""roof_rack"",""blind_spot_monitoring""]},""oc"":{""bud"":{""cur"":840,""min"":""unspecified"",""max"":29000,""max_strict"":""true""},""yr"":{""min"":2022,""max"":""unspecified""},""mi"":{""max"":""unspecified"",""qual"":[""unspecified""]},""owners"":""unspecified""},""ps"":{""rel_pri"":""luxury_ok"",""clr"":[""gray"",""teal""]},""lc"":{""cty"":""unspecified"",""st"":""unspecified"",""rad"":""unspecified""}}<END_JSON>",complete
37,"I'm shopping for a suv (not a sedan). I want a plug-in hybrid with FWD drivetrain and dual_clutch transmission. I'd like to be near $30k, but I could stretch to $33k. it has to have wireless charging; I'd like roof rack, memory seats if possible; but skip heated seats. Use: I haul gear. Try for 2020+ and under 45000 miles.","{""mk"":[""unspecified""],""md"":[""unspecified""],""tr"":""unspecified"",""vt"":{""inc"":[""suv""],""exc"":[""sedan""]},""cp"":{""seat_min"":""unspecified"",""kids"":""unspecified"",""pets"":""unspecified"",""cargo_pri"":""high"",""cargo_fx"":{""hatch"":""true"",""foldflat"":""true""}},""iu"":{""tags"":[""work_light""]},""pd"":{""tx"":""dual_clutch"",""dt"":""FWD"",""pt"":[""plug_in_hybrid""],""fe_pri"":""medium""},""fa"":{""must"":[""wireless_charging""],""nice"":[""roof_rack"",""memory_seats""],""avoid"":[""heated_seats""]},""oc"":{""bud"":{""cur"":840,""min"":""unspecified"",""max"":33000,""max_strict"":""false""},""yr"":{""min"":2020,""max"":""unspecified""},""mi"":{""max"":45000,""qual"":[""unspecified""]},""owners"":""unspecified""},""ps"":{""rel_pri"":""unspecified"",""clr"":[""navy""]},""lc"":{""cty"":""unspecified"",""st"":""unspecified"",""rad"":""unspecified""}}<END_JSON>",complete
38,"I'm shopping for a truck. I want a plug-in hybrid with any drivetrain and manual transmission. under $29k out the door. it has to have front parking sensors, built in navigation; I'd like memory seats, heated steering wheel if possible; but skip wireless charging, lane keep assist. Use: I care about handling and acceleration. Keep it under 60000 miles.","{""mk"":[""unspecified""],""md"":[""unspecified""],""tr"":""unspecified"",""vt"":{""inc"":[""truck""],""exc"":[""unspecified""]},""cp"":{""seat_min"":""unspecified"",""kids"":""unspecified"",""pets"":""unspecified"",""cargo_pri"":""unspecified"",""cargo_fx"":{""hatch"":""true"",""foldflat"":""unspecified""}},""iu"":{""tags"":[""performance"",""travel""]},""pd"":{""tx"":""manual"",""dt"":""unspecified"",""pt"":[""plug_in_hybrid""],""fe_pri"":""low""},""fa"":{""must"":[""front_parking_sensors"",""built_in_navigation""],""nice"":[""memory_seats"",""heated_steering_wheel""],""avoid"":[""wireless_charging"",""lane_keep_assist""]},""oc"":{""bud"":{""cur"":840,""min"":""unspecified"",""max"":29000,""max_strict"":""true""},""yr"":{""min"":""unspecified"",""max"":""unspecified""},""mi"":{""max"":60000,""qual"":[""unspecified""]},""owners"":""unspecified""},""ps"":{""rel_pri"":""performance_first"",""clr"":[""orange"",""tan""]},""lc"":{""cty"":""unspecified"",""st"":""unspecified"",""rad"":""unspecified""}}<END_JSON>",complete
39,"I'm shopping for a van (not a suv). I want a plug-in hybrid with 4WD drivetrain and other transmission. I'd like to be near $30k, but I could stretch to $33k. it has to have tow package; I'd like roof rack if possible; but skip keyless entry, sliding doors. Use: light towing on weekends. Prefer 2022 or newer.","{""mk"":[""unspecified""],""md"":[""unspecified""],""tr"":""unspecified"",""vt"":{""inc"":[""van""],""exc"":[""suv""]},""cp"":{""seat_min"":""unspecified"",""kids"":""unspecified"",""pets"":""unspecified"",""cargo_pri"":""unspecified"",""cargo_fx"":{""hatch"":""false"",""foldflat"":""unspecified""}},""iu"":{""tags"":[""towing""]},""pd"":{""tx"":""other"",""dt"":""4WD"",""pt"":[""plug_in_hybrid""],""fe_pri"":""high""},""fa"":{""must"":[""tow_package""],""nice"":[""roof_rack""],""avoid"":[""keyless_entry"",""sliding_doors""]},""oc"":{""bud"":{""cur"":840,""min"":""unspecified"",""max"":33000,""max_strict"":""false""},""yr"":{""min"":2022,""max"":""unspecified""},""mi"":{""max"":""unspecified"",""qual"":[""unspecified""]},""owners"":""unspecified""},""ps"":{""rel_pri"":""unspecified"",""clr"":[""burgundy"",""white""]},""lc"":{""cty"":""unspecified"",""st"":""unspecified"",""rad"":""unspecified""}}<END_JSON>",complete
40,"I'm shopping for a hatchback (not a coupe). I want a hybrid with 4WD drivetrain and other transmission. I'd like to be near $30k, but I could stretch to $33k. it has to have sliding doors, heated seats; I'd like wireless charging, lane departure warning if possible; but skip apple carplay, premium audio. Use: at least 5 seats, some cargo space matters. Try for 2022+ and under 90000 miles.","{""mk"":[""unspecified""],""md"":[""unspecified""],""tr"":""unspecified"",""vt"":{""inc"":[""hatchback""],""exc"":[""coupe""]},""cp"":{""seat_min"":5,""kids"":""unspecified"",""pets"":""unspecified"",""cargo_pri"":""medium"",""cargo_fx"":{""hatch"":""false"",""foldflat"":""unspecified""}},""iu"":{""tags"":[""work_light"",""luxury""]},""pd"":{""tx"":""other"",""dt"":""4WD"",""pt"":[""hybrid""],""fe_pri"":""high""},""fa"":{""must"":[""sliding_doors"",""heated_seats""],""nice"":[""wireless_charging"",""lane_departure_warning""],""avoid"":[""apple_carplay"",""premium_audio""]},""oc"":{""bud"":{""cur"":840,""min"":""unspecified"",""max"":33000,""max_strict"":""false""},""yr"":{""min"":2022,""max"":""unspecified""},""mi"":{""max"":90000,""qual"":[""unspecified""]},""owners"":""unspecified""},""ps"":{""rel_pri"":""low_cost"",""clr"":[""silver"",""yellow""]},""lc"":{""cty"":""unspecified"",""st"":""unspecified"",""rad"":""unspecified""}}<END_JSON>",complete
41,"I'm shopping for a coupe (not a convertible). I want a mild hybrid with FWD drivetrain and automatic transmission. between $26k and $32k. it has to have backup camera, roof rack; I'd like panoramic roof, third row seating if possible; but skip bluetooth. Use: at least 5 seats. If possible, BMW 3 Series.","{""mk"":[""BMW""],""md"":[""3 Series""],""tr"":""unspecified"",""vt"":{""inc"":[""coupe""],""exc"":[""convertible""]},""cp"":{""seat_min"":5,""kids"":""unspecified"",""pets"":""unspecified"",""cargo_pri"":""unspecified"",""cargo_fx"":{""hatch"":""true"",""foldflat"":""unspecified""}},""iu"":{""tags"":[""off_road"",""luxury""]},""pd"":{""tx"":""automatic"",""dt"":""FWD"",""pt"":[""mild_hybrid""],""fe_pri"":""medium""},""fa"":{""must"":[""backup_camera"",""roof_rack""],""nice"":[""panoramic_roof"",""third_row_seating""],""avoid"":[""bluetooth""]},""oc"":{""bud"":{""cur"":840,""min"":26000,""max"":32000,""max_strict"":""true""},""yr"":{""min"":""unspecified"",""max"":""unspecified""},""mi"":{""max"":""unspecified"",""qual"":[""unspecified""]},""owners"":""unspecified""},""ps"":{""rel_pri"":""low_cost"",""clr"":[""navy"",""gray""]},""lc"":{""cty"":""unspecified"",""st"":""unspecified"",""rad"":""unspecified""}}<END_JSON>",complete
42,"I'm shopping for a hatchback (not a truck). I want electric with AWD drivetrain and dual_clutch transmission. around thirty grand, ideally a little under. it has to have blind spot monitoring, memory seats; I'd like sunroof, ventilated seats if possible; but skip third row seating, remote start. Use: at least 5 seats, some cargo space matters. Try for 2022+ and under 75000 miles.","{""mk"":[""unspecified""],""md"":[""unspecified""],""tr"":""unspecified"",""vt"":{""inc"":[""hatchback""],""exc"":[""truck""]},""cp"":{""seat_min"":5,""kids"":""unspecified"",""pets"":""unspecified"",""cargo_pri"":""medium"",""cargo_fx"":{""hatch"":""true"",""foldflat"":""true""}},""iu"":{""tags"":[""work_light"",""off_road""]},""pd"":{""tx"":""dual_clutch"",""dt"":""AWD"",""pt"":[""electric""],""fe_pri"":""unspecified""},""fa"":{""must"":[""blind_spot_monitoring"",""memory_seats""],""nice"":[""sunroof"",""ventilated_seats""],""avoid"":[""third_row_seating"",""remote_start""]},""oc"":{""bud"":{""cur"":840,""min"":""unspecified"",""max"":30000,""max_strict"":""false""},""yr"":{""min"":2022,""max"":""unspecified""},""mi"":{""max"":75000,""qual"":[""unspecified""]},""owners"":""unspecified""},""ps"":{""rel_pri"":""performance_first"",""clr"":[""yellow""]},""lc"":{""cty"":""unspecified"",""st"":""unspecified"",""rad"":""unspecified""}}<END_JSON>",complete
43,"I'm shopping for a truck (not a coupe). I want a plug-in hybrid with 4WD drivetrain and manual transmission. around thirty grand, ideally a little under. it has to have sliding doors; I'd like built in navigation if possible; but skip sunroof. Use: general daily driving. Prefer 2021 or newer.","{""mk"":[""unspecified""],""md"":[""unspecified""],""tr"":""unspecified"",""vt"":{""inc"":[""truck""],""exc"":[""coupe""]},""cp"":{""seat_min"":""unspecified"",""kids"":""unspecified"",""pets"":""unspecified"",""cargo_pri"":""low"",""cargo_fx"":{""hatch"":""false"",""foldflat"":""true""}},""iu"":{""tags"":[""cargo"",""off_road"",""luxury""]},""pd"":{""tx"":""manual"",""dt"":""4WD"",""pt"":[""plug_in_hybrid""],""fe_pri"":""medium""},""fa"":{""must"":[""sliding_doors""],""nice"":[""built_in_navigation""],""avoid"":[""sunroof""]},""oc"":{""bud"":{""cur"":840,""min"":""unspecified"",""max"":30000,""max_strict"":""false""},""yr"":{""min"":2021,""max"":""unspecified""},""mi"":{""max"":""unspecified"",""qual"":[""unspecified""]},""owners"":""unspecified""},""ps"":{""rel_pri"":""unspecified"",""clr"":[""red"",""teal""]},""lc"":{""cty"":""unspecified"",""st"":""unspecified"",""rad"":""unspecified""}}<END_JSON>",complete
44,"I'm shopping for a coupe. I want a hybrid with any drivetrain and cvt transmission. prefer $30k, absolute ceiling $34k. it has to have third row seating; I'd like android auto if possible; but skip built in navigation, apple carplay. Use: I haul gear. Try for 2021+ and under 45000 miles.","{""mk"":[""unspecified""],""md"":[""unspecified""],""tr"":""unspecified"",""vt"":{""inc"":[""coupe""],""exc"":[""unspecified""]},""cp"":{""seat_min"":""unspecified"",""kids"":""unspecified"",""pets"":""unspecified"",""cargo_pri"":""high"",""cargo_fx"":{""hatch"":""true"",""foldflat"":""unspecified""}},""iu"":{""tags"":[""commute""]},""pd"":{""tx"":""cvt"",""dt"":""unspecified"",""pt"":[""hybrid""],""fe_pri"":""low""},""fa"":{""must"":[""third_row_seating""],""nice"":[""android_auto""],""avoid"":[""built_in_navigation"",""apple_carplay""]},""oc"":{""bud"":{""cur"":840,""min"":""unspecified"",""max"":34000,""max_strict"":""true""},""yr"":{""min"":2021,""max"":""unspecified""},""mi"":{""max"":45000,""qual"":[""unspecified""]},""owners"":""unspecified""},""ps"":{""rel_pri"":""unspecified"",""clr"":[""burgundy""]},""lc"":{""cty"":""unspecified"",""st"":""unspecified"",""rad"":""unspecified""}}<END_JSON>",complete
45,"I'm shopping for a sedan. I want electric with RWD drivetrain and dual_clutch transmission. between $26k and $32k. it has to have memory seats, heated steering wheel; I'd like adaptive cruise control if possible; but skip third row seating, heated seats. Use: I care about handling and acceleration. Try for 2021+ and under 75000 miles.","{""mk"":[""unspecified""],""md"":[""unspecified""],""tr"":""unspecified"",""vt"":{""inc"":[""sedan""],""exc"":[""unspecified""]},""cp"":{""seat_min"":""unspecified"",""kids"":""unspecified"",""pets"":""unspecified"",""cargo_pri"":""low"",""cargo_fx"":{""hatch"":""unspecified"",""foldflat"":""unspecified""}},""iu"":{""tags"":[""rideshare"",""travel"",""performance""]},""pd"":{""tx"":""dual_clutch"",""dt"":""RWD"",""pt"":[""electric""],""fe_pri"":""low""},""fa"":{""must"":[""memory_seats"",""heated_steering_wheel""],""nice"":[""adaptive_cruise_control""],""avoid"":[""third_row_seating"",""heated_seats""]},""oc"":{""bud"":{""cur"":840,""min"":26000,""max"":32000,""max_strict"":""true""},""yr"":{""min"":2021,""max"":""unspecified""},""mi"":{""max"":75000,""qual"":[""unspecified""]},""owners"":""unspecified""},""ps"":{""rel_pri"":""luxury_ok"",""clr"":[""teal"",""tan""]},""lc"":{""cty"":""unspecified"",""st"":""unspecified"",""rad"":""unspecified""}}<END_JSON>",complete
46,"I'm shopping for a van (not a coupe). I want a plug-in hybrid with RWD drivetrain and dual_clutch transmission. prefer $30k, absolute ceiling $34k. it has to have lane departure warning; I'd like front parking sensors, memory seats if possible; but skip remote start, android auto. Use: 1 dogs sometimes. If possible, Honda CR-V.","{""mk"":[""Honda""],""md"":[""CR-V""],""tr"":""unspecified"",""vt"":{""inc"":[""van""],""exc"":[""coupe""]},""cp"":{""seat_min"":""unspecified"",""kids"":""unspecified"",""pets"":1,""cargo_pri"":""unspecified"",""cargo_fx"":{""hatch"":""unspecified"",""foldflat"":""true""}},""iu"":{""tags"":[""animals"",""off_road"",""luxury""]},""pd"":{""tx"":""dual_clutch"",""dt"":""RWD"",""pt"":[""plug_in_hybrid""],""fe_pri"":""unspecified""},""fa"":{""must"":[""lane_departure_warning""],""nice"":[""front_parking_sensors"",""memory_seats""],""avoid"":[""remote_start"",""android_auto""]},""oc"":{""bud"":{""cur"":840,""min"":""unspecified"",""max"":34000,""max_strict"":""true""},""yr"":{""min"":""unspecified"",""max"":""unspecified""},""mi"":{""max"":""unspecified"",""qual"":[""unspecified""]},""owners"":""unspecified""},""ps"":{""rel_pri"":""balanced"",""clr"":[""gray"",""orange""]},""lc"":{""cty"":""unspecified"",""st"":""unspecified"",""rad"":""unspecified""}}<END_JSON>",complete
47,"I'm shopping for a minivan (not a convertible). I want a plug-in hybrid with any drivetrain and cvt transmission. around thirty grand, ideally a little under. it has to have built in navigation; I'd like android auto if possible; but skip third row seating, apple carplay. Use: 2 dogs sometimes, at least 5 seats. If possible, Tesla Model 3. Try for 2019+ and under 45000 miles.","{""mk"":[""Tesla""],""md"":[""Model 3""],""tr"":""unspecified"",""vt"":{""inc"":[""minivan""],""exc"":[""convertible""]},""cp"":{""seat_min"":5,""kids"":""unspecified"",""pets"":2,""cargo_pri"":""low"",""cargo_fx"":{""hatch"":""unspecified"",""foldflat"":""unspecified""}},""iu"":{""tags"":[""work_light"",""off_road"",""animals""]},""pd"":{""tx"":""cvt"",""dt"":""unspecified"",""pt"":[""plug_in_hybrid""],""fe_pri"":""high""},""fa"":{""must"":[""built_in_navigation""],""nice"":[""android_auto""],""avoid"":[""third_row_seating"",""apple_carplay""]},""oc"":{""bud"":{""cur"":840,""min"":""unspecified"",""max"":30000,""max_strict"":""false""},""yr"":{""min"":2019,""max"":""unspecified""},""mi"":{""max"":45000,""qual"":[""unspecified""]},""owners"":""unspecified""},""ps"":{""rel_pri"":""unspecified"",""clr"":[""purple""]},""lc"":{""cty"":""unspecified"",""st"":""unspecified"",""rad"":""unspecified""}}<END_JSON>",complete
48,"I'm shopping for a convertible (not a sedan). I want a plug-in hybrid with FWD drivetrain and cvt transmission. keep it around $30k—give or take a bit. it has to have heated seats; I'd like roof rack if possible; but skip adaptive cruise control, android auto. Use: some cargo space matters. Try for 2018+ and under 90000 miles.","{""mk"":[""unspecified""],""md"":[""unspecified""],""tr"":""unspecified"",""vt"":{""inc"":[""convertible""],""exc"":[""sedan""]},""cp"":{""seat_min"":""unspecified"",""kids"":""unspecified"",""pets"":""unspecified"",""cargo_pri"":""medium"",""cargo_fx"":{""hatch"":""false"",""foldflat"":""false""}},""iu"":{""tags"":[""off_road"",""luxury"",""travel""]},""pd"":{""tx"":""cvt"",""dt"":""FWD"",""pt"":[""plug_in_hybrid""],""fe_pri"":""high""},""fa"":{""must"":[""heated_seats""],""nice"":[""roof_rack""],""avoid"":[""adaptive_cruise_control"",""android_auto""]},""oc"":{""bud"":{""cur"":840,""min"":""unspecified"",""max"":30000,""max_strict"":""false""},""yr"":{""min"":2018,""max"":""unspecified""},""mi"":{""max"":90000,""qual"":[""unspecified""]},""owners"":""unspecified""},""ps"":{""rel_pri"":""balanced"",""clr"":[""burgundy"",""gold""]},""lc"":{""cty"":""unspecified"",""st"":""unspecified"",""rad"":""unspecified""}}<END_JSON>",complete
49,"I'm shopping for a crossover. I want a mild hybrid with RWD drivetrain and dual_clutch transmission. $30k-ish, but I'd love closer to $27k. it has to have third row seating, leather seats; I'd like remote start if possible; but skip apple carplay, front parking sensors. Use: 3 kids most days, 2 dogs sometimes, at least 5 seats. If possible, Volkswagen Golf. Prefer 2019 or newer.","{""mk"":[""Volkswagen""],""md"":[""Golf""],""tr"":""unspecified"",""vt"":{""inc"":[""crossover""],""exc"":[""unspecified""]},""cp"":{""seat_min"":5,""kids"":3,""pets"":2,""cargo_pri"":""unspecified"",""cargo_fx"":{""hatch"":""true"",""foldflat"":""true""}},""iu"":{""tags"":[""animals"",""family"",""commute""]},""pd"":{""tx"":""dual_clutch"",""dt"":""RWD"",""pt"":[""mild_hybrid""],""fe_pri"":""unspecified""},""fa"":{""must"":[""third_row_seating"",""leather_seats""],""nice"":[""remote_start""],""avoid"":[""apple_carplay"",""front_parking_sensors""]},""oc"":{""bud"":{""cur"":840,""min"":""unspecified"",""max"":30000,""max_strict"":""false""},""yr"":{""min"":2019,""max"":""unspecified""},""mi"":{""max"":""unspecified"",""qual"":[""unspecified""]},""owners"":""unspecified""},""ps"":{""rel_pri"":""unspecified"",""clr"":[""yellow""]},""lc"":{""cty"":""unspecified"",""st"":""unspecified"",""rad"":""unspecified""}}<END_JSON>",complete
50,"I'm shopping for a wagon (not a crossover). I want a plug-in hybrid with FWD drivetrain and automatic transmission. under $29k out the door. it has to have keyless entry, remote start; I'd like android auto if possible; but skip roof rack, rear entertainment system. Use: I haul gear. Try for 2022+ and under 75000 miles.","{""mk"":[""unspecified""],""md"":[""unspecified""],""tr"":""unspecified"",""vt"":{""inc"":[""wagon""],""exc"":[""crossover""]},""cp"":{""seat_min"":""unspecified"",""kids"":""unspecified"",""pets"":""unspecified"",""cargo_pri"":""high"",""cargo_fx"":{""hatch"":""false"",""foldflat"":""true""}},""iu"":{""tags"":[""budget_value""]},""pd"":{""tx"":""automatic"",""dt"":""FWD"",""pt"":[""plug_in_hybrid""],""fe_pri"":""low""},""fa"":{""must"":[""keyless_entry"",""remote_start""],""nice"":[""android_auto""],""avoid"":[""roof_rack"",""rear_entertainment_system""]},""oc"":{""bud"":{""cur"":840,""min"":""unspecified"",""max"":29000,""max_strict"":""true""},""yr"":{""min"":2022,""max"":""unspecified""},""mi"":{""max"":75000,""qual"":[""unspecified""]},""owners"":""unspecified""},""ps"":{""rel_pri"":""low_cost"",""clr"":[""yellow""]},""lc"":{""cty"":""unspecified"",""st"":""unspecified"",""rad"":""unspecified""}}<END_JSON>",complete
51,"I'm shopping for a truck (not a coupe). I want a plug-in hybrid with AWD drivetrain and dual_clutch transmission. hard cap at $30k. it has to have heated seats, rear entertainment system; I'd like keyless entry, rear parking sensors if possible; but skip ventilated seats. Use: at least 5 seats, light towing on weekends. If possible, Hyundai Sonata. Try for 2020+ and under 45000 miles.","{""mk"":[""Hyundai""],""md"":[""Sonata""],""tr"":""unspecified"",""vt"":{""inc"":[""truck""],""exc"":[""coupe""]},""cp"":{""seat_min"":5,""kids"":""unspecified"",""pets"":""unspecified"",""cargo_pri"":""unspecified"",""cargo_fx"":{""hatch"":""unspecified"",""foldflat"":""false""}},""iu"":{""tags"":[""towing"",""pleasure""]},""pd"":{""tx"":""dual_clutch"",""dt"":""AWD"",""pt"":[""plug_in_hybrid""],""fe_pri"":""low""},""fa"":{""must"":[""heated_seats"",""rear_entertainment_system""],""nice"":[""keyless_entry"",""rear_parking_sensors""],""avoid"":[""ventilated_seats""]},""oc"":{""bud"":{""cur"":840,""min"":""unspecified"",""max"":30000,""max_strict"":""true""},""yr"":{""min"":2020,""max"":""unspecified""},""mi"":{""max"":45000,""qual"":[""unspecified""]},""owners"":""unspecified""},""ps"":{""rel_pri"":""performance_first"",""clr"":[""yellow""]},""lc"":{""cty"":""unspecified"",""st"":""unspecified"",""rad"":""unspecified""}}<END_JSON>",complete
52,"I'm shopping for a wagon (not a van). I want a plug-in hybrid with 4WD drivetrain and manual transmission. hard cap at $30k. it has to have third row seating; I'd like heated seats if possible; but skip sliding doors. Use: 1 dogs sometimes, I haul gear. Try for 2022+ and under 90000 miles.","{""mk"":[""unspecified""],""md"":[""unspecified""],""tr"":""unspecified"",""vt"":{""inc"":[""wagon""],""exc"":[""van""]},""cp"":{""seat_min"":""unspecified"",""kids"":""unspecified"",""pets"":1,""cargo_pri"":""high"",""cargo_fx"":{""hatch"":""true"",""foldflat"":""false""}},""iu"":{""tags"":[""animals""]},""pd"":{""tx"":""manual"",""dt"":""4WD"",""pt"":[""plug_in_hybrid""],""fe_pri"":""low""},""fa"":{""must"":[""third_row_seating""],""nice"":[""heated_seats""],""avoid"":[""sliding_doors""]},""oc"":{""bud"":{""cur"":840,""min"":""unspecified"",""max"":30000,""max_strict"":""true""},""yr"":{""min"":2022,""max"":""unspecified""},""mi"":{""max"":90000,""qual"":[""unspecified""]},""owners"":""unspecified""},""ps"":{""rel_pri"":""performance_first"",""clr"":[""burgundy"",""gold""]},""lc"":{""cty"":""unspecified"",""st"":""unspecified"",""rad"":""unspecified""}}<END_JSON>",complete
53,"I'm shopping for a coupe (not a convertible). I want a plug-in hybrid with any drivetrain and automatic transmission. hard cap at $30k. it has to have heated steering wheel, blind spot monitoring; I'd like rear parking sensors if possible; but skip apple carplay, keyless entry. Use: at least 5 seats. Try for 2020+ and under 90000 miles.","{""mk"":[""unspecified""],""md"":[""unspecified""],""tr"":""unspecified"",""vt"":{""inc"":[""coupe""],""exc"":[""convertible""]},""cp"":{""seat_min"":5,""kids"":""unspecified"",""pets"":""unspecified"",""cargo_pri"":""low"",""cargo_fx"":{""hatch"":""unspecified"",""foldflat"":""true""}},""iu"":{""tags"":[""off_road"",""travel""]},""pd"":{""tx"":""automatic"",""dt"":""unspecified"",""pt"":[""plug_in_hybrid""],""fe_pri"":""high""},""fa"":{""must"":[""heated_steering_wheel"",""blind_spot_monitoring""],""nice"":[""rear_parking_sensors""],""avoid"":[""apple_carplay"",""keyless_entry""]},""oc"":{""bud"":{""cur"":840,""min"":""unspecified"",""max"":30000,""max_strict"":""true""},""yr"":{""min"":2020,""max"":""unspecified""},""mi"":{""max"":90000,""qual"":[""unspecified""]},""owners"":""unspecified""},""ps"":{""rel_pri"":""unspecified"",""clr"":[""burgundy""]},""lc"":{""cty"":""unspecified"",""st"":""unspecified"",""rad"":""unspecified""}}<END_JSON>",complete
54,"I'm shopping for a crossover. I want gas with FWD drivetrain and any transmission. I'd rather stay in the high 20s. it has to have blind spot monitoring; I'd like keyless entry if possible; but skip ventilated seats, premium audio. Use: general daily driving. If possible, Nissan Rogue. Try for 2019+ and under 75000 miles.","{""mk"":[""Nissan""],""md"":[""Rogue""],""tr"":""unspecified"",""vt"":{""inc"":[""crossover""],""exc"":[""unspecified""]},""cp"":{""seat_min"":""unspecified"",""kids"":""unspecified"",""pets"":""unspecified"",""cargo_pri"":""unspecified"",""cargo_fx"":{""hatch"":""true"",""foldflat"":""unspecified""}},""iu"":{""tags"":[""rideshare"",""commute""]},""pd"":{""tx"":""unspecified"",""dt"":""FWD"",""pt"":[""gas""],""fe_pri"":""low""},""fa"":{""must"":[""blind_spot_monitoring""],""nice"":[""keyless_entry""],""avoid"":[""ventilated_seats"",""premium_audio""]},""oc"":{""bud"":{""cur"":840,""min"":26000,""max"":29000,""max_strict"":""false""},""yr"":{""min"":2019,""max"":""unspecified""},""mi"":{""max"":75000,""qual"":[""unspecified""]},""owners"":""unspecified""},""ps"":{""rel_pri"":""unspecified"",""clr"":[""purple"",""gold""]},""lc"":{""cty"":""unspecified"",""st"":""unspecified"",""rad"":""unspecified""}}<END_JSON>",complete
55,"I'm shopping for a crossover (not a coupe). I want gas with any drivetrain and any transmission. I'd rather stay in the high 20s. it has to have lane keep assist, tow package; I'd like android auto, panoramic roof if possible; but skip front parking sensors. Use: 1 dogs sometimes, at least 5 seats, I haul gear. Try for 2019+ and under 60000 miles.","{""mk"":[""unspecified""],""md"":[""unspecified""],""tr"":""unspecified"",""vt"":{""inc"":[""crossover""],""exc"":[""coupe""]},""cp"":{""seat_min"":5,""kids"":""unspecified"",""pets"":1,""cargo_pri"":""high"",""cargo_fx"":{""hatch"":""false"",""foldflat"":""true""}},""iu"":{""tags"":[""animals"",""rideshare""]},""pd"":{""tx"":""unspecified"",""dt"":""unspecified"",""pt"":[""gas""],""fe_pri"":""medium""},""fa"":{""must"":[""lane_keep_assist"",""tow_package""],""nice"":[""android_auto"",""panoramic_roof""],""avoid"":[""front_parking_sensors""]},""oc"":{""bud"":{""cur"":840,""min"":26000,""max"":29000,""max_strict"":""false""},""yr"":{""min"":2019,""max"":""unspecified""},""mi"":{""max"":60000,""qual"":[""unspecified""]},""owners"":""unspecified""},""ps"":{""rel_pri"":""unspecified"",""clr"":[""purple""]},""lc"":{""cty"":""unspecified"",""st"":""unspecified"",""rad"":""unspecified""}}<END_JSON>",complete
56,"I'm shopping for a crossover (not a suv). I want a hybrid with 4WD drivetrain and manual transmission. $30k-ish, but I'd love closer to $27k. it has to have rear entertainment system, apple carplay; I'd like memory seats if possible; but skip tow package, heated seats. Use: at least 5 seats, some cargo space matters. If possible, Chevrolet Tahoe. Try for 2018+ and under 45000 miles.","{""mk"":[""Chevrolet""],""md"":[""Tahoe""],""tr"":""unspecified"",""vt"":{""inc"":[""crossover""],""exc"":[""suv""]},""cp"":{""seat_min"":5,""kids"":""unspecified"",""pets"":""unspecified"",""cargo_pri"":""medium"",""cargo_fx"":{""hatch"":""false"",""foldflat"":""false""}},""iu"":{""tags"":[""cargo""]},""pd"":{""tx"":""manual"",""dt"":""4WD"",""pt"":[""hybrid""],""fe_pri"":""low""},""fa"":{""must"":[""rear_entertainment_system"",""apple_carplay""],""nice"":[""memory_seats""],""avoid"":[""tow_package"",""heated_seats""]},""oc"":{""bud"":{""cur"":840,""min"":""unspecified"",""max"":30000,""max_strict"":""false""},""yr"":{""min"":2018,""max"":""unspecified""},""mi"":{""max"":45000,""qual"":[""unspecified""]},""owners"":""unspecified""},""ps"":{""rel_pri"":""low_cost"",""clr"":[""burgundy""]},""lc"":{""cty"":""unspecified"",""st"":""unspecified"",""rad"":""unspecified""}}<END_JSON>",complete
57,"I'm shopping for a wagon (not a convertible). I want a plug-in hybrid with RWD drivetrain and manual transmission. $30k-ish, but I'd love closer to $27k. it has to have heated steering wheel, bluetooth; I'd like sliding doors, rear parking sensors if possible; but skip heated seats, leather seats. Use: some cargo space matters, I care about handling and acceleration. Keep it under 90000 miles.","{""mk"":[""unspecified""],""md"":[""unspecified""],""tr"":""unspecified"",""vt"":{""inc"":[""wagon""],""exc"":[""convertible""]},""cp"":{""seat_min"":""unspecified"",""kids"":""unspecified"",""pets"":""unspecified"",""cargo_pri"":""medium"",""cargo_fx"":{""hatch"":""true"",""foldflat"":""true""}},""iu"":{""tags"":[""travel"",""luxury"",""performance""]},""pd"":{""tx"":""manual"",""dt"":""RWD"",""pt"":[""plug_in_hybrid""],""fe_pri"":""high""},""fa"":{""must"":[""heated_steering_wheel"",""bluetooth""],""nice"":[""sliding_doors"",""rear_parking_sensors""],""avoid"":[""heated_seats"",""leather_seats""]},""oc"":{""bud"":{""cur"":840,""min"":""unspecified"",""max"":30000,""max_strict"":""false""},""yr"":{""min"":""unspecified"",""max"":""unspecified""},""mi"":{""max"":90000,""qual"":[""unspecified""]},""owners"":""unspecified""},""ps"":{""rel_pri"":""performance_first"",""clr"":[""gray"",""teal""]},""lc"":{""cty"":""unspecified"",""st"":""unspecified"",""rad"":""unspecified""}}<END_JSON>",complete
58,"I'm shopping for a suv (not a convertible). I want gas with RWD drivetrain and automatic transmission. around thirty grand, ideally a little under. it has to have sunroof, rear parking sensors; I'd like remote start if possible; but skip backup camera. Use: I haul gear. Try for 2022+ and under 75000 miles.","{""mk"":[""unspecified""],""md"":[""unspecified""],""tr"":""unspecified"",""vt"":{""inc"":[""suv""],""exc"":[""convertible""]},""cp"":{""seat_min"":""unspecified"",""kids"":""unspecified"",""pets"":""unspecified"",""cargo_pri"":""high"",""cargo_fx"":{""hatch"":""false"",""foldflat"":""false""}},""iu"":{""tags"":[""commute"",""pleasure"",""animals""]},""pd"":{""tx"":""automatic"",""dt"":""RWD"",""pt"":[""gas""],""fe_pri"":""unspecified""},""fa"":{""must"":[""sunroof"",""rear_parking_sensors""],""nice"":[""remote_start""],""avoid"":[""backup_camera""]},""oc"":{""bud"":{""cur"":840,""min"":""unspecified"",""max"":30000,""max_strict"":""false""},""yr"":{""min"":2022,""max"":""unspecified""},""mi"":{""max"":75000,""qual"":[""unspecified""]},""owners"":""unspecified""},""ps"":{""rel_pri"":""low_cost"",""clr"":[""red""]},""lc"":{""cty"":""unspecified"",""st"":""unspecified"",""rad"":""unspecified""}}<END_JSON>",complete
59,"I'm shopping for a hatchback. I want gas with FWD drivetrain and manual transmission. $30k-ish, but I'd love closer to $27k. it has to have apple carplay, bluetooth; I'd like third row seating, lane departure warning if possible. Use: light towing on weekends, I care about handling and acceleration. If possible, Audi A4. Try for 2020+ and under 45000 miles.","{""mk"":[""Audi""],""md"":[""A4""],""tr"":""unspecified"",""vt"":{""inc"":[""hatchback""],""exc"":[""unspecified""]},""cp"":{""seat_min"":""unspecified"",""kids"":""unspecified"",""pets"":""unspecified"",""cargo_pri"":""low"",""cargo_fx"":{""hatch"":""true"",""foldflat"":""unspecified""}},""iu"":{""tags"":[""performance"",""towing""]},""pd"":{""tx"":""manual"",""dt"":""FWD"",""pt"":[""gas""],""fe_pri"":""medium""},""fa"":{""must"":[""apple_carplay"",""bluetooth""],""nice"":[""third_row_seating"",""lane_departure_warning""],""avoid"":[""unspecified""]},""oc"":{""bud"":{""cur"":840,""min"":""unspecified"",""max"":30000,""max_strict"":""false""},""yr"":{""min"":2020,""max"":""unspecified""},""mi"":{""max"":45000,""qual"":[""unspecified""]},""owners"":""unspecified""},""ps"":{""rel_pri"":""unspecified"",""clr"":[""teal""]},""lc"":{""cty"":""unspecified"",""st"":""unspecified"",""rad"":""unspecified""}}<END_JSON>",complete
60,"I'm shopping for a hatchback (not a crossover). I want a mild hybrid with AWD drivetrain and other transmission. around thirty grand, ideally a little under. it has to have wireless charging; I'd like rear parking sensors if possible; but skip blind spot monitoring, memory seats. Use: 3 kids most days, at least 6 seats, some cargo space matters, light towing on weekends. Prefer 2019 or newer.","{""mk"":[""unspecified""],""md"":[""unspecified""],""tr"":""unspecified"",""vt"":{""inc"":[""hatchback""],""exc"":[""crossover""]},""cp"":{""seat_min"":6,""kids"":3,""pets"":""unspecified"",""cargo_pri"":""medium"",""cargo_fx"":{""hatch"":""unspecified"",""foldflat"":""false""}},""iu"":{""tags"":[""family"",""towing""]},""pd"":{""tx"":""other"",""dt"":""AWD"",""pt"":[""mild_hybrid""],""fe_pri"":""high""},""fa"":{""must"":[""wireless_charging""],""nice"":[""rear_parking_sensors""],""avoid"":[""blind_spot_monitoring"",""memory_seats""]},""oc"":{""bud"":{""cur"":840,""min"":""unspecified"",""max"":30000,""max_strict"":""false""},""yr"":{""min"":2019,""max"":""unspecified""},""mi"":{""max"":""unspecified"",""qual"":[""unspecified""]},""owners"":""unspecified""},""ps"":{""rel_pri"":""unspecified"",""clr"":[""brown"",""gray""]},""lc"":{""cty"":""unspecified"",""st"":""unspecified"",""rad"":""unspecified""}}<END_JSON>",complete
61,"I'm shopping for a hatchback (not a sedan). I want a mild hybrid with RWD drivetrain and any transmission. keep it around $30k—give or take a bit. it has to have adaptive cruise control; I'd like blind spot monitoring, lane departure warning if possible; but skip apple carplay. Use: general daily driving. Try for 2021+ and under 90000 miles.","{""mk"":[""unspecified""],""md"":[""unspecified""],""tr"":""unspecified"",""vt"":{""inc"":[""hatchback""],""exc"":[""sedan""]},""cp"":{""seat_min"":""unspecified"",""kids"":""unspecified"",""pets"":""unspecified"",""cargo_pri"":""unspecified"",""cargo_fx"":{""hatch"":""false"",""foldflat"":""false""}},""iu"":{""tags"":[""rideshare"",""work_light""]},""pd"":{""tx"":""unspecified"",""dt"":""RWD"",""pt"":[""mild_hybrid""],""fe_pri"":""medium""},""fa"":{""must"":[""adaptive_cruise_control""],""nice"":[""blind_spot_monitoring"",""lane_departure_warning""],""avoid"":[""apple_carplay""]},""oc"":{""bud"":{""cur"":840,""min"":""unspecified"",""max"":30000,""max_strict"":""false""},""yr"":{""min"":2021,""max"":""unspecified""},""mi"":{""max"":90000,""qual"":[""unspecified""]},""owners"":""unspecified""},""ps"":{""rel_pri"":""balanced"",""clr"":[""beige"",""white""]},""lc"":{""cty"":""unspecified"",""st"":""unspecified"",""rad"":""unspecified""}}<END_JSON>",complete
62,"I'm shopping for a sedan. I want electric with FWD drivetrain and manual transmission. I'd like to be near $30k, but I could stretch to $33k. it has to have front parking sensors, rear entertainment system; I'd like adaptive cruise control, bluetooth if possible; but skip apple carplay, ventilated seats. Use: 2 dogs sometimes, at least 5 seats. If possible, Tesla Model 3.","{""mk"":[""Tesla""],""md"":[""Model 3""],""tr"":""unspecified"",""vt"":{""inc"":[""sedan""],""exc"":[""unspecified""]},""cp"":{""seat_min"":5,""kids"":""unspecified"",""pets"":2,""cargo_pri"":""unspecified"",""cargo_fx"":{""hatch"":""unspecified"",""foldflat"":""unspecified""}},""iu"":{""tags"":[""travel"",""animals""]},""pd"":{""tx"":""manual"",""dt"":""FWD"",""pt"":[""electric""],""fe_pri"":""unspecified""},""fa"":{""must"":[""front_parking_sensors"",""rear_entertainment_system""],""nice"":[""adaptive_cruise_control"",""bluetooth""],""avoid"":[""apple_carplay"",""ventilated_seats""]},""oc"":{""bud"":{""cur"":840,""min"":""unspecified"",""max"":33000,""max_strict"":""false""},""yr"":{""min"":""unspecified"",""max"":""unspecified""},""mi"":{""max"":""unspecified"",""qual"":[""unspecified""]},""owners"":""unspecified""},""ps"":{""rel_pri"":""luxury_ok"",""clr"":[""tan"",""teal""]},""lc"":{""cty"":""unspecified"",""st"":""unspecified"",""rad"":""unspecified""}}<END_JSON>",complete
63,"I'm shopping for a van (not a hatchback). I want diesel with RWD drivetrain and cvt transmission. I'd like to be near $30k, but I could stretch to $33k. it has to have panoramic roof; I'd like front parking sensors, wireless charging if possible; but skip backup camera. Use: I haul gear, I care about handling and acceleration. Prefer 2020 or newer.","{""mk"":[""unspecified""],""md"":[""unspecified""],""tr"":""unspecified"",""vt"":{""inc"":[""van""],""exc"":[""hatchback""]},""cp"":{""seat_min"":""unspecified"",""kids"":""unspecified"",""pets"":""unspecified"",""cargo_pri"":""high"",""cargo_fx"":{""hatch"":""unspecified"",""foldflat"":""false""}},""iu"":{""tags"":[""performance"",""work_light"",""budget_value""]},""pd"":{""tx"":""cvt"",""dt"":""RWD"",""pt"":[""diesel""],""fe_pri"":""low""},""fa"":{""must"":[""panoramic_roof""],""nice"":[""front_parking_sensors"",""wireless_charging""],""avoid"":[""backup_camera""]},""oc"":{""bud"":{""cur"":840,""min"":""unspecified"",""max"":33000,""max_strict"":""false""},""yr"":{""min"":2020,""max"":""unspecified""},""mi"":{""max"":""unspecified"",""qual"":[""unspecified""]},""owners"":""unspecified""},""ps"":{""rel_pri"":""balanced"",""clr"":[""silver""]},""lc"":{""cty"":""unspecified"",""st"":""unspecified"",""rad"":""unspecified""}}<END_JSON>",complete
64,"I'm shopping for a crossover (not a truck). I want electric with AWD drivetrain and other transmission. prefer $30k, absolute ceiling $34k. it has to have rear parking sensors, lane departure warning; I'd like sunroof, apple carplay if possible; but skip leather seats. Use: at least 5 seats, I haul gear, light towing on weekends. If possible, Jeep Wrangler. Prefer 2021 or newer.","{""mk"":[""Jeep""],""md"":[""Wrangler""],""tr"":""unspecified"",""vt"":{""inc"":[""crossover""],""exc"":[""truck""]},""cp"":{""seat_min"":5,""kids"":""unspecified"",""pets"":""unspecified"",""cargo_pri"":""high"",""cargo_fx"":{""hatch"":""unspecified"",""foldflat"":""false""}},""iu"":{""tags"":[""family"",""towing"",""commute""]},""pd"":{""tx"":""other"",""dt"":""AWD"",""pt"":[""electric""],""fe_pri"":""medium""},""fa"":{""must"":[""rear_parking_sensors"",""lane_departure_warning""],""nice"":[""sunroof"",""apple_carplay""],""avoid"":[""leather_seats""]},""oc"":{""bud"":{""cur"":840,""min"":""unspecified"",""max"":34000,""max_strict"":""true""},""yr"":{""min"":2021,""max"":""unspecified""},""mi"":{""max"":""unspecified"",""qual"":[""unspecified""]},""owners"":""unspecified""},""ps"":{""rel_pri"":""balanced"",""clr"":[""beige"",""burgundy""]},""lc"":{""cty"":""unspecified"",""st"":""unspecified"",""rad"":""unspecified""}}<END_JSON>",complete
65,"I'm shopping for a truck (not a wagon). I want a hybrid with RWD drivetrain and automatic transmission. I'd rather stay in the high 20s. it has to have memory seats, adaptive cruise control; I'd like lane departure warning, leather seats if possible; but skip heated steering wheel. Use: general daily driving. If possible, Hyundai Sonata. Try for 2018+ and under 60000 miles.","{""mk"":[""Hyundai""],""md"":[""Sonata""],""tr"":""unspecified"",""vt"":{""inc"":[""truck""],""exc"":[""wagon""]},""cp"":{""seat_min"":""unspecified"",""kids"":""unspecified"",""pets"":""unspecified"",""cargo_pri"":""unspecified"",""cargo_fx"":{""hatch"":""false"",""foldflat"":""unspecified""}},""iu"":{""tags"":[""commute""]},""pd"":{""tx"":""automatic"",""dt"":""RWD"",""pt"":[""hybrid""],""fe_pri"":""high""},""fa"":{""must"":[""memory_seats"",""adaptive_cruise_control""],""nice"":[""lane_departure_warning"",""leather_seats""],""avoid"":[""heated_steering_wheel""]},""oc"":{""bud"":{""cur"":840,""min"":26000,""max"":29000,""max_strict"":""false""},""yr"":{""min"":2018,""max"":""unspecified""},""mi"":{""max"":60000,""qual"":[""unspecified""]},""owners"":""unspecified""},""ps"":{""rel_pri"":""low_cost"",""clr"":[""navy""]},""lc"":{""cty"":""unspecified"",""st"":""unspecified"",""rad"":""unspecified""}}<END_JSON>",complete
66,"I'm shopping for a minivan (not a crossover). I want gas with FWD drivetrain and dual_clutch transmission. prefer $30k, absolute ceiling $34k. it has to have bluetooth, remote start; I'd like android auto if possible; but skip memory seats, adaptive cruise control. Use: general daily driving. Try for 2019+ and under 60000 miles.","{""mk"":[""unspecified""],""md"":[""unspecified""],""tr"":""unspecified"",""vt"":{""inc"":[""minivan""],""exc"":[""crossover""]},""cp"":{""seat_min"":""unspecified"",""kids"":""unspecified"",""pets"":""unspecified"",""cargo_pri"":""low"",""cargo_fx"":{""hatch"":""unspecified"",""foldflat"":""true""}},""iu"":{""tags"":[""budget_value"",""rideshare""]},""pd"":{""tx"":""dual_clutch"",""dt"":""FWD"",""pt"":[""gas""],""fe_pri"":""unspecified""},""fa"":{""must"":[""bluetooth"",""remote_start""],""nice"":[""android_auto""],""avoid"":[""memory_seats"",""adaptive_cruise_control""]},""oc"":{""bud"":{""cur"":840,""min"":""unspecified"",""max"":34000,""max_strict"":""true""},""yr"":{""min"":2019,""max"":""unspecified""},""mi"":{""max"":60000,""qual"":[""unspecified""]},""owners"":""unspecified""},""ps"":{""rel_pri"":""luxury_ok"",""clr"":[""red""]},""lc"":{""cty"":""unspecified"",""st"":""unspecified"",""rad"":""unspecified""}}<END_JSON>",complete
67,"I'm shopping for a coupe (not a minivan). I want a plug-in hybrid with 4WD drivetrain and cvt transmission. I'd rather stay in the high 20s. it has to have third row seating; I'd like panoramic roof if possible; but skip memory seats. Use: some cargo space matters. If possible, Honda CR-V. Try for 2018+ and under 45000 miles.","{""mk"":[""Honda""],""md"":[""CR-V""],""tr"":""unspecified"",""vt"":{""inc"":[""coupe""],""exc"":[""minivan""]},""cp"":{""seat_min"":""unspecified"",""kids"":""unspecified"",""pets"":""unspecified"",""cargo_pri"":""medium"",""cargo_fx"":{""hatch"":""unspecified"",""foldflat"":""unspecified""}},""iu"":{""tags"":[""travel""]},""pd"":{""tx"":""cvt"",""dt"":""4WD"",""pt"":[""plug_in_hybrid""],""fe_pri"":""high""},""fa"":{""must"":[""third_row_seating""],""nice"":[""panoramic_roof""],""avoid"":[""memory_seats""]},""oc"":{""bud"":{""cur"":840,""min"":26000,""max"":29000,""max_strict"":""false""},""yr"":{""min"":2018,""max"":""unspecified""},""mi"":{""max"":45000,""qual"":[""unspecified""]},""owners"":""unspecified""},""ps"":{""rel_pri"":""unspecified"",""clr"":[""blue""]},""lc"":{""cty"":""unspecified"",""st"":""unspecified"",""rad"":""unspecified""}}<END_JSON>",complete
68,"I'm shopping for a crossover. I want a mild hybrid with 4WD drivetrain and other transmission. I can do $28k–$35k if it checks the boxes. it has to have ventilated seats; I'd like panoramic roof, lane keep assist if possible; but skip sunroof, bluetooth. Use: 3 kids most days, at least 7 seats, I haul gear. If possible, Ford F-150. Prefer 2022 or newer.","{""mk"":[""Ford""],""md"":[""F-150""],""tr"":""unspecified"",""vt"":{""inc"":[""crossover""],""exc"":[""unspecified""]},""cp"":{""seat_min"":7,""kids"":3,""pets"":""unspecified"",""cargo_pri"":""high"",""cargo_fx"":{""hatch"":""false"",""foldflat"":""false""}},""iu"":{""tags"":[""family""]},""pd"":{""tx"":""other"",""dt"":""4WD"",""pt"":[""mild_hybrid""],""fe_pri"":""unspecified""},""fa"":{""must"":[""ventilated_seats""],""nice"":[""panoramic_roof"",""lane_keep_assist""],""avoid"":[""sunroof"",""bluetooth""]},""oc"":{""bud"":{""cur"":840,""min"":28000,""max"":35000,""max_strict"":""true""},""yr"":{""min"":2022,""max"":""unspecified""},""mi"":{""max"":""unspecified"",""qual"":[""unspecified""]},""owners"":""unspecified""},""ps"":{""rel_pri"":""luxury_ok"",""clr"":[""burgundy""]},""lc"":{""cty"":""unspecified"",""st"":""unspecified"",""rad"":""unspecified""}}<END_JSON>",complete
69,"I'm shopping for a wagon (not a van). I want a hybrid with FWD drivetrain and other transmission. hard cap at $30k. it has to have sunroof, heated steering wheel; I'd like lane keep assist if possible; but skip third row seating, android auto. Use: at least 5 seats. If possible, Honda Civic. Try for 2020+ and under 45000 miles.","{""mk"":[""Honda""],""md"":[""Civic""],""tr"":""unspecified"",""vt"":{""inc"":[""wagon""],""exc"":[""van""]},""cp"":{""seat_min"":5,""kids"":""unspecified"",""pets"":""unspecified"",""cargo_pri"":""unspecified"",""cargo_fx"":{""hatch"":""unspecified"",""foldflat"":""unspecified""}},""iu"":{""tags"":[""commute"",""work_light"",""luxury""]},""pd"":{""tx"":""other"",""dt"":""FWD"",""pt"":[""hybrid""],""fe_pri"":""low""},""fa"":{""must"":[""sunroof"",""heated_steering_wheel""],""nice"":[""lane_keep_assist""],""avoid"":[""third_row_seating"",""android_auto""]},""oc"":{""bud"":{""cur"":840,""min"":""unspecified"",""max"":30000,""max_strict"":""true""},""yr"":{""min"":2020,""max"":""unspecified""},""mi"":{""max"":45000,""qual"":[""unspecified""]},""owners"":""unspecified""},""ps"":{""rel_pri"":""performance_first"",""clr"":[""brown"",""blue""]},""lc"":{""cty"":""unspecified"",""st"":""unspecified"",""rad"":""unspecified""}}<END_JSON>",complete
70,"I'm shopping for a crossover (not a wagon). I want a plug-in hybrid with RWD drivetrain and automatic transmission. prefer $30k, absolute ceiling $34k. it has to have wireless charging, heated steering wheel; I'd like leather seats if possible; but skip blind spot monitoring, lane departure warning. Use: at least 5 seats, I care about handling and acceleration. Try for 2022+ and under 90000 miles.","{""mk"":[""unspecified""],""md"":[""unspecified""],""tr"":""unspecified"",""vt"":{""inc"":[""crossover""],""exc"":[""wagon""]},""cp"":{""seat_min"":5,""kids"":""unspecified"",""pets"":""unspecified"",""cargo_pri"":""unspecified"",""cargo_fx"":{""hatch"":""true"",""foldflat"":""false""}},""iu"":{""tags"":[""performance""]},""pd"":{""tx"":""automatic"",""dt"":""RWD"",""pt"":[""plug_in_hybrid""],""fe_pri"":""low""},""fa"":{""must"":[""wireless_charging"",""heated_steering_wheel""],""nice"":[""leather_seats""],""avoid"":[""blind_spot_monitoring"",""lane_departure_warning""]},""oc"":{""bud"":{""cur"":840,""min"":""unspecified"",""max"":34000,""max_strict"":""true""},""yr"":{""min"":2022,""max"":""unspecified""},""mi"":{""max"":90000,""qual"":[""unspecified""]},""owners"":""unspecified""},""ps"":{""rel_pri"":""luxury_ok"",""clr"":[""black"",""gray""]},""lc"":{""cty"":""unspecified"",""st"":""unspecified"",""rad"":""unspecified""}}<END_JSON>",complete
71,"I'm shopping for a crossover (not a truck). I want diesel with FWD drivetrain and automatic transmission. hard cap at $30k. it has to have bluetooth, premium audio; I'd like tow package, memory seats if possible; but skip android auto. Use: 3 kids most days, at least 5 seats, I haul gear. If possible, Chevrolet Tahoe. Try for 2019+ and under 45000 miles.","{""mk"":[""Chevrolet""],""md"":[""Tahoe""],""tr"":""unspecified"",""vt"":{""inc"":[""crossover""],""exc"":[""truck""]},""cp"":{""seat_min"":5,""kids"":3,""pets"":""unspecified"",""cargo_pri"":""high"",""cargo_fx"":{""hatch"":""unspecified"",""foldflat"":""false""}},""iu"":{""tags"":[""family"",""pleasure""]},""pd"":{""tx"":""automatic"",""dt"":""FWD"",""pt"":[""diesel""],""fe_pri"":""unspecified""},""fa"":{""must"":[""bluetooth"",""premium_audio""],""nice"":[""tow_package"",""memory_seats""],""avoid"":[""android_auto""]},""oc"":{""bud"":{""cur"":840,""min"":""unspecified"",""max"":30000,""max_strict"":""true""},""yr"":{""min"":2019,""max"":""unspecified""},""mi"":{""max"":45000,""qual"":[""unspecified""]},""owners"":""unspecified""},""ps"":{""rel_pri"":""unspecified"",""clr"":[""red"",""green""]},""lc"":{""cty"":""unspecified"",""st"":""unspecified"",""rad"":""unspecified""}}<END_JSON>",complete
72,"I'm shopping for a convertible (not a sedan). I want a hybrid with any drivetrain and other transmission. I'd rather stay in the high 20s. it has to have roof rack, lane departure warning; I'd like remote start if possible; but skip panoramic roof, front parking sensors. Use: 2 kids most days, at least 6 seats. If possible, Jeep Wrangler. Try for 2022+ and under 45000 miles.","{""mk"":[""Jeep""],""md"":[""Wrangler""],""tr"":""unspecified"",""vt"":{""inc"":[""convertible""],""exc"":[""sedan""]},""cp"":{""seat_min"":6,""kids"":2,""pets"":""unspecified"",""cargo_pri"":""unspecified"",""cargo_fx"":{""hatch"":""false"",""foldflat"":""unspecified""}},""iu"":{""tags"":[""family""]},""pd"":{""tx"":""other"",""dt"":""unspecified"",""pt"":[""hybrid""],""fe_pri"":""medium""},""fa"":{""must"":[""roof_rack"",""lane_departure_warning""],""nice"":[""remote_start""],""avoid"":[""panoramic_roof"",""front_parking_sensors""]},""oc"":{""bud"":{""cur"":840,""min"":26000,""max"":29000,""max_strict"":""false""},""yr"":{""min"":2022,""max"":""unspecified""},""mi"":{""max"":45000,""qual"":[""unspecified""]},""owners"":""unspecified""},""ps"":{""rel_pri"":""performance_first"",""clr"":[""navy"",""black""]},""lc"":{""cty"":""unspecified"",""st"":""unspecified"",""rad"":""unspecified""}}<END_JSON>",complete
73,"I'm shopping for a coupe (not a truck). I want a plug-in hybrid with any drivetrain and other transmission. $30k-ish, but I'd love closer to $27k. it has to have built in navigation; I'd like heated seats, wireless charging if possible; but skip third row seating, bluetooth. Use: general daily driving. If possible, Toyota RAV4. Try for 2020+ and under 75000 miles.","{""mk"":[""Toyota""],""md"":[""RAV4""],""tr"":""unspecified"",""vt"":{""inc"":[""coupe""],""exc"":[""truck""]},""cp"":{""seat_min"":""unspecified"",""kids"":""unspecified"",""pets"":""unspecified"",""cargo_pri"":""unspecified"",""cargo_fx"":{""hatch"":""false"",""foldflat"":""unspecified""}},""iu"":{""tags"":[""travel"",""luxury"",""off_road""]},""pd"":{""tx"":""other"",""dt"":""unspecified"",""pt"":[""plug_in_hybrid""],""fe_pri"":""medium""},""fa"":{""must"":[""built_in_navigation""],""nice"":[""heated_seats"",""wireless_charging""],""avoid"":[""third_row_seating"",""bluetooth""]},""oc"":{""bud"":{""cur"":840,""min"":""unspecified"",""max"":30000,""max_strict"":""false""},""yr"":{""min"":2020,""max"":""unspecified""},""mi"":{""max"":75000,""qual"":[""unspecified""]},""owners"":""unspecified""},""ps"":{""rel_pri"":""balanced"",""clr"":[""red"",""purple""]},""lc"":{""cty"":""unspecified"",""st"":""unspecified"",""rad"":""unspecified""}}<END_JSON>",complete
74,"I'm shopping for a minivan (not a truck). I want diesel with RWD drivetrain and cvt transmission. under $29k out the door. it has to have premium audio, lane departure warning; I'd like keyless entry, sliding doors if possible; but skip panoramic roof, wireless charging. Use: 3 kids most days, at least 6 seats. If possible, Hyundai Sonata. Try for 2019+ and under 60000 miles.","{""mk"":[""Hyundai""],""md"":[""Sonata""],""tr"":""unspecified"",""vt"":{""inc"":[""minivan""],""exc"":[""truck""]},""cp"":{""seat_min"":6,""kids"":3,""pets"":""unspecified"",""cargo_pri"":""unspecified"",""cargo_fx"":{""hatch"":""false"",""foldflat"":""false""}},""iu"":{""tags"":[""luxury"",""family"",""commute""]},""pd"":{""tx"":""cvt"",""dt"":""RWD"",""pt"":[""diesel""],""fe_pri"":""medium""},""fa"":{""must"":[""premium_audio"",""lane_departure_warning""],""nice"":[""keyless_entry"",""sliding_doors""],""avoid"":[""panoramic_roof"",""wireless_charging""]},""oc"":{""bud"":{""cur"":840,""min"":""unspecified"",""max"":29000,""max_strict"":""true""},""yr"":{""min"":2019,""max"":""unspecified""},""mi"":{""max"":60000,""qual"":[""unspecified""]},""owners"":""unspecified""},""ps"":{""rel_pri"":""luxury_ok"",""clr"":[""tan"",""green""]},""lc"":{""cty"":""unspecified"",""st"":""unspecified"",""rad"":""unspecified""}}<END_JSON>",complete
75,"I'm shopping for a crossover (not a minivan). I want a plug-in hybrid with 4WD drivetrain and cvt transmission. under $29k out the door. it has to have memory seats, adaptive cruise control; I'd like ventilated seats, panoramic roof if possible; but skip premium audio, sunroof. Use: at least 5 seats. If possible, Tesla Model 3. Try for 2021+ and under 75000 miles.","{""mk"":[""Tesla""],""md"":[""Model 3""],""tr"":""unspecified"",""vt"":{""inc"":[""crossover""],""exc"":[""minivan""]},""cp"":{""seat_min"":5,""kids"":""unspecified"",""pets"":""unspecified"",""cargo_pri"":""unspecified"",""cargo_fx"":{""hatch"":""unspecified"",""foldflat"":""unspecified""}},""iu"":{""tags"":[""travel"",""budget_value"",""animals""]},""pd"":{""tx"":""cvt"",""dt"":""4WD"",""pt"":[""plug_in_hybrid""],""fe_pri"":""low""},""fa"":{""must"":[""memory_seats"",""adaptive_cruise_control""],""nice"":[""ventilated_seats"",""panoramic_roof""],""avoid"":[""premium_audio"",""sunroof""]},""oc"":{""bud"":{""cur"":840,""min"":""unspecified"",""max"":29000,""max_strict"":""true""},""yr"":{""min"":2021,""max"":""unspecified""},""mi"":{""max"":75000,""qual"":[""unspecified""]},""owners"":""unspecified""},""ps"":{""rel_pri"":""unspecified"",""clr"":[""gray""]},""lc"":{""cty"":""unspecified"",""st"":""unspecified"",""rad"":""unspecified""}}<END_JSON>",complete
76,"I'm shopping for a wagon (not a suv). I want gas with AWD drivetrain and dual_clutch transmission. prefer $30k, absolute ceiling $34k. it has to have apple carplay, panoramic roof; I'd like backup camera if possible; but skip ventilated seats. Use: some cargo space matters. Try for 2019+ and under 75000 miles.","{""mk"":[""unspecified""],""md"":[""unspecified""],""tr"":""unspecified"",""vt"":{""inc"":[""wagon""],""exc"":[""suv""]},""cp"":{""seat_min"":""unspecified"",""kids"":""unspecified"",""pets"":""unspecified"",""cargo_pri"":""medium"",""cargo_fx"":{""hatch"":""true"",""foldflat"":""unspecified""}},""iu"":{""tags"":[""off_road""]},""pd"":{""tx"":""dual_clutch"",""dt"":""AWD"",""pt"":[""gas""],""fe_pri"":""high""},""fa"":{""must"":[""apple_carplay"",""panoramic_roof""],""nice"":[""backup_camera""],""avoid"":[""ventilated_seats""]},""oc"":{""bud"":{""cur"":840,""min"":""unspecified"",""max"":34000,""max_strict"":""true""},""yr"":{""min"":2019,""max"":""unspecified""},""mi"":{""max"":75000,""qual"":[""unspecified""]},""owners"":""unspecified""},""ps"":{""rel_pri"":""unspecified"",""clr"":[""white"",""silver""]},""lc"":{""cty"":""unspecified"",""st"":""unspecified"",""rad"":""unspecified""}}<END_JSON>",complete
77,"I'm shopping for a sedan (not a wagon). I want a hybrid with FWD drivetrain and automatic transmission. prefer $30k, absolute ceiling $34k. it has to have built in navigation, roof rack; I'd like lane departure warning if possible; but skip ventilated seats, keyless entry. Use: at least 5 seats. Try for 2020+ and under 75000 miles.","{""mk"":[""unspecified""],""md"":[""unspecified""],""tr"":""unspecified"",""vt"":{""inc"":[""sedan""],""exc"":[""wagon""]},""cp"":{""seat_min"":5,""kids"":""unspecified"",""pets"":""unspecified"",""cargo_pri"":""unspecified"",""cargo_fx"":{""hatch"":""true"",""foldflat"":""unspecified""}},""iu"":{""tags"":[""commute"",""family""]},""pd"":{""tx"":""automatic"",""dt"":""FWD"",""pt"":[""hybrid""],""fe_pri"":""low""},""fa"":{""must"":[""built_in_navigation"",""roof_rack""],""nice"":[""lane_departure_warning""],""avoid"":[""ventilated_seats"",""keyless_entry""]},""oc"":{""bud"":{""cur"":840,""min"":""unspecified"",""max"":34000,""max_strict"":""true""},""yr"":{""min"":2020,""max"":""unspecified""},""mi"":{""max"":75000,""qual"":[""unspecified""]},""owners"":""unspecified""},""ps"":{""rel_pri"":""performance_first"",""clr"":[""gray""]},""lc"":{""cty"":""unspecified"",""st"":""unspecified"",""rad"":""unspecified""}}<END_JSON>",complete
78,"I'm shopping for a truck. I want a plug-in hybrid with any drivetrain and any transmission. hard cap at $30k. it has to have roof rack; I'd like remote start, wireless charging if possible; but skip adaptive cruise control, rear parking sensors. Use: I haul gear. Try for 2020+ and under 75000 miles.","{""mk"":[""unspecified""],""md"":[""unspecified""],""tr"":""unspecified"",""vt"":{""inc"":[""truck""],""exc"":[""unspecified""]},""cp"":{""seat_min"":""unspecified"",""kids"":""unspecified"",""pets"":""unspecified"",""cargo_pri"":""high"",""cargo_fx"":{""hatch"":""false"",""foldflat"":""true""}},""iu"":{""tags"":[""luxury"",""commute""]},""pd"":{""tx"":""unspecified"",""dt"":""unspecified"",""pt"":[""plug_in_hybrid""],""fe_pri"":""medium""},""fa"":{""must"":[""roof_rack""],""nice"":[""remote_start"",""wireless_charging""],""avoid"":[""adaptive_cruise_control"",""rear_parking_sensors""]},""oc"":{""bud"":{""cur"":840,""min"":""unspecified"",""max"":30000,""max_strict"":""true""},""yr"":{""min"":2020,""max"":""unspecified""},""mi"":{""max"":75000,""qual"":[""unspecified""]},""owners"":""unspecified""},""ps"":{""rel_pri"":""performance_first"",""clr"":[""black""]},""lc"":{""cty"":""unspecified"",""st"":""unspecified"",""rad"":""unspecified""}}<END_JSON>",complete
79,"I'm shopping for a truck (not a suv). I want a mild hybrid with FWD drivetrain and any transmission. I'd rather stay in the high 20s. it has to have panoramic roof; I'd like heated steering wheel if possible; but skip heated seats, rear parking sensors. Use: I haul gear, light towing on weekends. Try for 2022+ and under 75000 miles.","{""mk"":[""unspecified""],""md"":[""unspecified""],""tr"":""unspecified"",""vt"":{""inc"":[""truck""],""exc"":[""suv""]},""cp"":{""seat_min"":""unspecified"",""kids"":""unspecified"",""pets"":""unspecified"",""cargo_pri"":""high"",""cargo_fx"":{""hatch"":""false"",""foldflat"":""true""}},""iu"":{""tags"":[""travel"",""towing""]},""pd"":{""tx"":""unspecified"",""dt"":""FWD"",""pt"":[""mild_hybrid""],""fe_pri"":""medium""},""fa"":{""must"":[""panoramic_roof""],""nice"":[""heated_steering_wheel""],""avoid"":[""heated_seats"",""rear_parking_sensors""]},""oc"":{""bud"":{""cur"":840,""min"":26000,""max"":29000,""max_strict"":""false""},""yr"":{""min"":2022,""max"":""unspecified""},""mi"":{""max"":75000,""qual"":[""unspecified""]},""owners"":""unspecified""},""ps"":{""rel_pri"":""balanced"",""clr"":[""brown"",""teal""]},""lc"":{""cty"":""unspecified"",""st"":""unspecified"",""rad"":""unspecified""}}<END_JSON>",complete
80,"I'm shopping for a truck. I want a hybrid with any drivetrain and automatic transmission. I'd rather stay in the high 20s. it has to have adaptive cruise control, built in navigation; I'd like blind spot monitoring if possible; but skip panoramic roof. Use: at least 5 seats, some cargo space matters. If possible, Mazda CX-5. Try for 2021+ and under 90000 miles.","{""mk"":[""Mazda""],""md"":[""CX-5""],""tr"":""unspecified"",""vt"":{""inc"":[""truck""],""exc"":[""unspecified""]},""cp"":{""seat_min"":5,""kids"":""unspecified"",""pets"":""unspecified"",""cargo_pri"":""medium"",""cargo_fx"":{""hatch"":""false"",""foldflat"":""true""}},""iu"":{""tags"":[""work_light"",""pleasure"",""rideshare""]},""pd"":{""tx"":""automatic"",""dt"":""unspecified"",""pt"":[""hybrid""],""fe_pri"":""unspecified""},""fa"":{""must"":[""adaptive_cruise_control"",""built_in_navigation""],""nice"":[""blind_spot_monitoring""],""avoid"":[""panoramic_roof""]},""oc"":{""bud"":{""cur"":840,""min"":26000,""max"":29000,""max_strict"":""false""},""yr"":{""min"":2021,""max"":""unspecified""},""mi"":{""max"":90000,""qual"":[""unspecified""]},""owners"":""unspecified""},""ps"":{""rel_pri"":""unspecified"",""clr"":[""green""]},""lc"":{""cty"":""unspecified"",""st"":""unspecified"",""rad"":""unspecified""}}<END_JSON>",complete
81,"I'm shopping for a convertible (not a truck). I want electric with any drivetrain and automatic transmission. hard cap at $30k. it has to have keyless entry, backup camera; I'd like lane keep assist, blind spot monitoring if possible; but skip panoramic roof. Use: I care about handling and acceleration. If possible, Honda Civic. Prefer 2022 or newer.","{""mk"":[""Honda""],""md"":[""Civic""],""tr"":""unspecified"",""vt"":{""inc"":[""convertible""],""exc"":[""truck""]},""cp"":{""seat_min"":""unspecified"",""kids"":""unspecified"",""pets"":""unspecified"",""cargo_pri"":""unspecified"",""cargo_fx"":{""hatch"":""true"",""foldflat"":""false""}},""iu"":{""tags"":[""performance""]},""pd"":{""tx"":""automatic"",""dt"":""unspecified"",""pt"":[""electric""],""fe_pri"":""unspecified""},""fa"":{""must"":[""keyless_entry"",""backup_camera""],""nice"":[""lane_keep_assist"",""blind_spot_monitoring""],""avoid"":[""panoramic_roof""]},""oc"":{""bud"":{""cur"":840,""min"":""unspecified"",""max"":30000,""max_strict"":""true""},""yr"":{""min"":2022,""max"":""unspecified""},""mi"":{""max"":""unspecified"",""qual"":[""unspecified""]},""owners"":""unspecified""},""ps"":{""rel_pri"":""luxury_ok"",""clr"":[""silver""]},""lc"":{""cty"":""unspecified"",""st"":""unspecified"",""rad"":""unspecified""}}<END_JSON>",complete
82,"I'm shopping for a van (not a hatchback). I want electric with RWD drivetrain and dual_clutch transmission. I'd rather stay in the high 20s. it has to have panoramic roof; I'd like tow package if possible; but skip apple carplay, heated seats. Use: at least 5 seats, I haul gear. If possible, Chevrolet Tahoe. Try for 2022+ and under 60000 miles.","{""mk"":[""Chevrolet""],""md"":[""Tahoe""],""tr"":""unspecified"",""vt"":{""inc"":[""van""],""exc"":[""hatchback""]},""cp"":{""seat_min"":5,""kids"":""unspecified"",""pets"":""unspecified"",""cargo_pri"":""high"",""cargo_fx"":{""hatch"":""false"",""foldflat"":""unspecified""}},""iu"":{""tags"":[""budget_value""]},""pd"":{""tx"":""dual_clutch"",""dt"":""RWD"",""pt"":[""electric""],""fe_pri"":""unspecified""},""fa"":{""must"":[""panoramic_roof""],""nice"":[""tow_package""],""avoid"":[""apple_carplay"",""heated_seats""]},""oc"":{""bud"":{""cur"":840,""min"":26000,""max"":29000,""max_strict"":""false""},""yr"":{""min"":2022,""max"":""unspecified""},""mi"":{""max"":60000,""qual"":[""unspecified""]},""owners"":""unspecified""},""ps"":{""rel_pri"":""performance_first"",""clr"":[""black""]},""lc"":{""cty"":""unspecified"",""st"":""unspecified"",""rad"":""unspecified""}}<END_JSON>",complete
83,"I'm shopping for a convertible (not a van). I want a hybrid with FWD drivetrain and manual transmission. under $29k out the door. it has to have rear entertainment system; I'd like roof rack, bluetooth if possible; but skip sunroof. Use: at least 5 seats, I haul gear. If possible, Honda CR-V. Keep it under 90000 miles.","{""mk"":[""Honda""],""md"":[""CR-V""],""tr"":""unspecified"",""vt"":{""inc"":[""convertible""],""exc"":[""van""]},""cp"":{""seat_min"":5,""kids"":""unspecified"",""pets"":""unspecified"",""cargo_pri"":""high"",""cargo_fx"":{""hatch"":""false"",""foldflat"":""false""}},""iu"":{""tags"":[""pleasure"",""cargo"",""luxury""]},""pd"":{""tx"":""manual"",""dt"":""FWD"",""pt"":[""hybrid""],""fe_pri"":""low""},""fa"":{""must"":[""rear_entertainment_system""],""nice"":[""roof_rack"",""bluetooth""],""avoid"":[""sunroof""]},""oc"":{""bud"":{""cur"":840,""min"":""unspecified"",""max"":29000,""max_strict"":""true""},""yr"":{""min"":""unspecified"",""max"":""unspecified""},""mi"":{""max"":90000,""qual"":[""unspecified""]},""owners"":""unspecified""},""ps"":{""rel_pri"":""low_cost"",""clr"":[""brown""]},""lc"":{""cty"":""unspecified"",""st"":""unspecified"",""rad"":""unspecified""}}<END_JSON>",complete
84,"I'm shopping for a wagon (not a minivan). I want diesel with FWD drivetrain and manual transmission. between $26k and $32k. it has to have sunroof, lane keep assist; I'd like keyless entry if possible; but skip ventilated seats. Use: some cargo space matters. If possible, Kia Telluride. Try for 2021+ and under 60000 miles.","{""mk"":[""Kia""],""md"":[""Telluride""],""tr"":""unspecified"",""vt"":{""inc"":[""wagon""],""exc"":[""minivan""]},""cp"":{""seat_min"":""unspecified"",""kids"":""unspecified"",""pets"":""unspecified"",""cargo_pri"":""medium"",""cargo_fx"":{""hatch"":""unspecified"",""foldflat"":""unspecified""}},""iu"":{""tags"":[""budget_value""]},""pd"":{""tx"":""manual"",""dt"":""FWD"",""pt"":[""diesel""],""fe_pri"":""high""},""fa"":{""must"":[""sunroof"",""lane_keep_assist""],""nice"":[""keyless_entry""],""avoid"":[""ventilated_seats""]},""oc"":{""bud"":{""cur"":840,""min"":26000,""max"":32000,""max_strict"":""true""},""yr"":{""min"":2021,""max"":""unspecified""},""mi"":{""max"":60000,""qual"":[""unspecified""]},""owners"":""unspecified""},""ps"":{""rel_pri"":""performance_first"",""clr"":[""navy"",""white""]},""lc"":{""cty"":""unspecified"",""st"":""unspecified"",""rad"":""unspecified""}}<END_JSON>",complete
85,"I'm shopping for a van (not a minivan). I want a plug-in hybrid with RWD drivetrain and manual transmission. I can do $28k–$35k if it checks the boxes. it has to have sunroof; I'd like keyless entry, android auto if possible; but skip blind spot monitoring, roof rack. Use: at least 5 seats, some cargo space matters. Try for 2018+ and under 90000 miles.","{""mk"":[""unspecified""],""md"":[""unspecified""],""tr"":""unspecified"",""vt"":{""inc"":[""van""],""exc"":[""minivan""]},""cp"":{""seat_min"":5,""kids"":""unspecified"",""pets"":""unspecified"",""cargo_pri"":""medium"",""cargo_fx"":{""hatch"":""false"",""foldflat"":""unspecified""}},""iu"":{""tags"":[""luxury"",""pleasure""]},""pd"":{""tx"":""manual"",""dt"":""RWD"",""pt"":[""plug_in_hybrid""],""fe_pri"":""unspecified""},""fa"":{""must"":[""sunroof""],""nice"":[""keyless_entry"",""android_auto""],""avoid"":[""blind_spot_monitoring"",""roof_rack""]},""oc"":{""bud"":{""cur"":840,""min"":28000,""max"":35000,""max_strict"":""true""},""yr"":{""min"":2018,""max"":""unspecified""},""mi"":{""max"":90000,""qual"":[""unspecified""]},""owners"":""unspecified""},""ps"":{""rel_pri"":""balanced"",""clr"":[""beige""]},""lc"":{""cty"":""unspecified"",""st"":""unspecified"",""rad"":""unspecified""}}<END_JSON>",complete
86,"I'm shopping for a coupe (not a convertible). I want gas with 4WD drivetrain and other transmission. prefer $30k, absolute ceiling $34k. it has to have leather seats, lane departure warning; I'd like backup camera, sunroof if possible; but skip android auto. Use: 2 dogs sometimes. Try for 2022+ and under 60000 miles.","{""mk"":[""unspecified""],""md"":[""unspecified""],""tr"":""unspecified"",""vt"":{""inc"":[""coupe""],""exc"":[""convertible""]},""cp"":{""seat_min"":""unspecified"",""kids"":""unspecified"",""pets"":2,""cargo_pri"":""low"",""cargo_fx"":{""hatch"":""false"",""foldflat"":""false""}},""iu"":{""tags"":[""animals"",""rideshare""]},""pd"":{""tx"":""other"",""dt"":""4WD"",""pt"":[""gas""],""fe_pri"":""medium""},""fa"":{""must"":[""leather_seats"",""lane_departure_warning""],""nice"":[""backup_camera"",""sunroof""],""avoid"":[""android_auto""]},""oc"":{""bud"":{""cur"":840,""min"":""unspecified"",""max"":34000,""max_strict"":""true""},""yr"":{""min"":2022,""max"":""unspecified""},""mi"":{""max"":60000,""qual"":[""unspecified""]},""owners"":""unspecified""},""ps"":{""rel_pri"":""performance_first"",""clr"":[""brown"",""gold""]},""lc"":{""cty"":""unspecified"",""st"":""unspecified"",""rad"":""unspecified""}}<END_JSON>",complete
87,"I'm shopping for a convertible. I want electric with AWD drivetrain and any transmission. keep it around $30k—give or take a bit. it has to have leather seats, front parking sensors; I'd like ventilated seats, blind spot monitoring if possible; but skip heated seats. Use: at least 5 seats. Try for 2021+ and under 45000 miles.","{""mk"":[""unspecified""],""md"":[""unspecified""],""tr"":""unspecified"",""vt"":{""inc"":[""convertible""],""exc"":[""unspecified""]},""cp"":{""seat_min"":5,""kids"":""unspecified"",""pets"":""unspecified"",""cargo_pri"":""unspecified"",""cargo_fx"":{""hatch"":""false"",""foldflat"":""true""}},""iu"":{""tags"":[""travel"",""budget_value""]},""pd"":{""tx"":""unspecified"",""dt"":""AWD"",""pt"":[""electric""],""fe_pri"":""unspecified""},""fa"":{""must"":[""leather_seats"",""front_parking_sensors""],""nice"":[""ventilated_seats"",""blind_spot_monitoring""],""avoid"":[""heated_seats""]},""oc"":{""bud"":{""cur"":840,""min"":""unspecified"",""max"":30000,""max_strict"":""false""},""yr"":{""min"":2021,""max"":""unspecified""},""mi"":{""max"":45000,""qual"":[""unspecified""]},""owners"":""unspecified""},""ps"":{""rel_pri"":""balanced"",""clr"":[""tan"",""red""]},""lc"":{""cty"":""unspecified"",""st"":""unspecified"",""rad"":""unspecified""}}<END_JSON>",complete
88,"I'm shopping for a van. I want electric with RWD drivetrain and dual_clutch transmission. keep it around $30k—give or take a bit. it has to have heated seats, android auto; I'd like sunroof, roof rack if possible; but skip tow package. Use: at least 5 seats, I haul gear, I care about handling and acceleration. Prefer 2022 or newer.","{""mk"":[""unspecified""],""md"":[""unspecified""],""tr"":""unspecified"",""vt"":{""inc"":[""van""],""exc"":[""unspecified""]},""cp"":{""seat_min"":5,""kids"":""unspecified"",""pets"":""unspecified"",""cargo_pri"":""high"",""cargo_fx"":{""hatch"":""unspecified"",""foldflat"":""true""}},""iu"":{""tags"":[""performance""]},""pd"":{""tx"":""dual_clutch"",""dt"":""RWD"",""pt"":[""electric""],""fe_pri"":""medium""},""fa"":{""must"":[""heated_seats"",""android_auto""],""nice"":[""sunroof"",""roof_rack""],""avoid"":[""tow_package""]},""oc"":{""bud"":{""cur"":840,""min"":""unspecified"",""max"":30000,""max_strict"":""false""},""yr"":{""min"":2022,""max"":""unspecified""},""mi"":{""max"":""unspecified"",""qual"":[""unspecified""]},""owners"":""unspecified""},""ps"":{""rel_pri"":""balanced"",""clr"":[""purple""]},""lc"":{""cty"":""unspecified"",""st"":""unspecified"",""rad"":""unspecified""}}<END_JSON>",complete
89,"I'm shopping for a coupe. I want diesel with any drivetrain and dual_clutch transmission. I can do $28k–$35k if it checks the boxes. it has to have backup camera; I'd like blind spot monitoring, premium audio if possible; but skip third row seating, front parking sensors. Use: 2 kids most days, at least 6 seats. If possible, Subaru Outback. Keep it under 45000 miles.","{""mk"":[""Subaru""],""md"":[""Outback""],""tr"":""unspecified"",""vt"":{""inc"":[""coupe""],""exc"":[""unspecified""]},""cp"":{""seat_min"":6,""kids"":2,""pets"":""unspecified"",""cargo_pri"":""low"",""cargo_fx"":{""hatch"":""unspecified"",""foldflat"":""unspecified""}},""iu"":{""tags"":[""family""]},""pd"":{""tx"":""dual_clutch"",""dt"":""unspecified"",""pt"":[""diesel""],""fe_pri"":""unspecified""},""fa"":{""must"":[""backup_camera""],""nice"":[""blind_spot_monitoring"",""premium_audio""],""avoid"":[""third_row_seating"",""front_parking_sensors""]},""oc"":{""bud"":{""cur"":840,""min"":28000,""max"":35000,""max_strict"":""true""},""yr"":{""min"":""unspecified"",""max"":""unspecified""},""mi"":{""max"":45000,""qual"":[""unspecified""]},""owners"":""unspecified""},""ps"":{""rel_pri"":""balanced"",""clr"":[""brown""]},""lc"":{""cty"":""unspecified"",""st"":""unspecified"",""rad"":""unspecified""}}<END_JSON>",complete
90,"I'm shopping for a suv (not a van). I want electric with RWD drivetrain and other transmission. I can do $28k–$35k if it checks the boxes. it has to have lane keep assist; I'd like panoramic roof if possible; but skip adaptive cruise control. Use: I haul gear. If possible, Chevrolet Tahoe. Prefer 2020 or newer.","{""mk"":[""Chevrolet""],""md"":[""Tahoe""],""tr"":""unspecified"",""vt"":{""inc"":[""suv""],""exc"":[""van""]},""cp"":{""seat_min"":""unspecified"",""kids"":""unspecified"",""pets"":""unspecified"",""cargo_pri"":""high"",""cargo_fx"":{""hatch"":""false"",""foldflat"":""false""}},""iu"":{""tags"":[""budget_value"",""pleasure""]},""pd"":{""tx"":""other"",""dt"":""RWD"",""pt"":[""electric""],""fe_pri"":""medium""},""fa"":{""must"":[""lane_keep_assist""],""nice"":[""panoramic_roof""],""avoid"":[""adaptive_cruise_control""]},""oc"":{""bud"":{""cur"":840,""min"":28000,""max"":35000,""max_strict"":""true""},""yr"":{""min"":2020,""max"":""unspecified""},""mi"":{""max"":""unspecified"",""qual"":[""unspecified""]},""owners"":""unspecified""},""ps"":{""rel_pri"":""low_cost"",""clr"":[""blue""]},""lc"":{""cty"":""unspecified"",""st"":""unspecified"",""rad"":""unspecified""}}<END_JSON>",complete
91,"I'm shopping for a crossover. I want a hybrid with any drivetrain and dual_clutch transmission. around thirty grand, ideally a little under. it has to have adaptive cruise control; I'd like built in navigation, roof rack if possible; but skip leather seats. Use: some cargo space matters. Try for 2021+ and under 60000 miles.","{""mk"":[""unspecified""],""md"":[""unspecified""],""tr"":""unspecified"",""vt"":{""inc"":[""crossover""],""exc"":[""unspecified""]},""cp"":{""seat_min"":""unspecified"",""kids"":""unspecified"",""pets"":""unspecified"",""cargo_pri"":""medium"",""cargo_fx"":{""hatch"":""unspecified"",""foldflat"":""true""}},""iu"":{""tags"":[""rideshare""]},""pd"":{""tx"":""dual_clutch"",""dt"":""unspecified"",""pt"":[""hybrid""],""fe_pri"":""high""},""fa"":{""must"":[""adaptive_cruise_control""],""nice"":[""built_in_navigation"",""roof_rack""],""avoid"":[""leather_seats""]},""oc"":{""bud"":{""cur"":840,""min"":""unspecified"",""max"":30000,""max_strict"":""false""},""yr"":{""min"":2021,""max"":""unspecified""},""mi"":{""max"":60000,""qual"":[""unspecified""]},""owners"":""unspecified""},""ps"":{""rel_pri"":""balanced"",""clr"":[""silver"",""tan""]},""lc"":{""cty"":""unspecified"",""st"":""unspecified"",""rad"":""unspecified""}}<END_JSON>",complete
92,"I'm shopping for a minivan (not a van). I want diesel with FWD drivetrain and automatic transmission. between $26k and $32k. it has to have sunroof, sliding doors; I'd like front parking sensors if possible; but skip rear parking sensors, backup camera. Use: general daily driving. If possible, Audi A4. Try for 2019+ and under 45000 miles.","{""mk"":[""Audi""],""md"":[""A4""],""tr"":""unspecified"",""vt"":{""inc"":[""minivan""],""exc"":[""van""]},""cp"":{""seat_min"":""unspecified"",""kids"":""unspecified"",""pets"":""unspecified"",""cargo_pri"":""low"",""cargo_fx"":{""hatch"":""unspecified"",""foldflat"":""false""}},""iu"":{""tags"":[""rideshare"",""work_light"",""pleasure""]},""pd"":{""tx"":""automatic"",""dt"":""FWD"",""pt"":[""diesel""],""fe_pri"":""low""},""fa"":{""must"":[""sunroof"",""sliding_doors""],""nice"":[""front_parking_sensors""],""avoid"":[""rear_parking_sensors"",""backup_camera""]},""oc"":{""bud"":{""cur"":840,""min"":26000,""max"":32000,""max_strict"":""true""},""yr"":{""min"":2019,""max"":""unspecified""},""mi"":{""max"":45000,""qual"":[""unspecified""]},""owners"":""unspecified""},""ps"":{""rel_pri"":""unspecified"",""clr"":[""purple"",""blue""]},""lc"":{""cty"":""unspecified"",""st"":""unspecified"",""rad"":""unspecified""}}<END_JSON>",complete
93,"I'm shopping for a coupe. I want a plug-in hybrid with 4WD drivetrain and dual_clutch transmission. between $26k and $32k. it has to have lane departure warning, front parking sensors; I'd like adaptive cruise control if possible; but skip rear parking sensors. Use: general daily driving. If possible, Toyota RAV4. Try for 2018+ and under 90000 miles.","{""mk"":[""Toyota""],""md"":[""RAV4""],""tr"":""unspecified"",""vt"":{""inc"":[""coupe""],""exc"":[""unspecified""]},""cp"":{""seat_min"":""unspecified"",""kids"":""unspecified"",""pets"":""unspecified"",""cargo_pri"":""low"",""cargo_fx"":{""hatch"":""true"",""foldflat"":""true""}},""iu"":{""tags"":[""budget_value"",""cargo""]},""pd"":{""tx"":""dual_clutch"",""dt"":""4WD"",""pt"":[""plug_in_hybrid""],""fe_pri"":""medium""},""fa"":{""must"":[""lane_departure_warning"",""front_parking_sensors""],""nice"":[""adaptive_cruise_control""],""avoid"":[""rear_parking_sensors""]},""oc"":{""bud"":{""cur"":840,""min"":26000,""max"":32000,""max_strict"":""true""},""yr"":{""min"":2018,""max"":""unspecified""},""mi"":{""max"":90000,""qual"":[""unspecified""]},""owners"":""unspecified""},""ps"":{""rel_pri"":""low_cost"",""clr"":[""teal"",""purple""]},""lc"":{""cty"":""unspecified"",""st"":""unspecified"",""rad"":""unspecified""}}<END_JSON>",complete
94,"I'm shopping for a crossover (not a minivan). I want gas with FWD drivetrain and dual_clutch transmission. I can do $28k–$35k if it checks the boxes. it has to have keyless entry; I'd like built in navigation if possible; but skip memory seats. Use: at least 5 seats, light towing on weekends. If possible, Subaru Outback. Try for 2019+ and under 75000 miles.","{""mk"":[""Subaru""],""md"":[""Outback""],""tr"":""unspecified"",""vt"":{""inc"":[""crossover""],""exc"":[""minivan""]},""cp"":{""seat_min"":5,""kids"":""unspecified"",""pets"":""unspecified"",""cargo_pri"":""unspecified"",""cargo_fx"":{""hatch"":""false"",""foldflat"":""false""}},""iu"":{""tags"":[""towing""]},""pd"":{""tx"":""dual_clutch"",""dt"":""FWD"",""pt"":[""gas""],""fe_pri"":""unspecified""},""fa"":{""must"":[""keyless_entry""],""nice"":[""built_in_navigation""],""avoid"":[""memory_seats""]},""oc"":{""bud"":{""cur"":840,""min"":28000,""max"":35000,""max_strict"":""true""},""yr"":{""min"":2019,""max"":""unspecified""},""mi"":{""max"":75000,""qual"":[""unspecified""]},""owners"":""unspecified""},""ps"":{""rel_pri"":""balanced"",""clr"":[""red"",""silver""]},""lc"":{""cty"":""unspecified"",""st"":""unspecified"",""rad"":""unspecified""}}<END_JSON>",complete
95,"I'm shopping for a van (not a suv). I want diesel with any drivetrain and manual transmission. around thirty grand, ideally a little under. it has to have android auto; I'd like backup camera, remote start if possible; but skip memory seats, ventilated seats. Use: 1 dogs sometimes, at least 5 seats. If possible, Audi A4. Try for 2022+ and under 45000 miles.","{""mk"":[""Audi""],""md"":[""A4""],""tr"":""unspecified"",""vt"":{""inc"":[""van""],""exc"":[""suv""]},""cp"":{""seat_min"":5,""kids"":""unspecified"",""pets"":1,""cargo_pri"":""unspecified"",""cargo_fx"":{""hatch"":""unspecified"",""foldflat"":""unspecified""}},""iu"":{""tags"":[""budget_value"",""animals""]},""pd"":{""tx"":""manual"",""dt"":""unspecified"",""pt"":[""diesel""],""fe_pri"":""unspecified""},""fa"":{""must"":[""android_auto""],""nice"":[""backup_camera"",""remote_start""],""avoid"":[""memory_seats"",""ventilated_seats""]},""oc"":{""bud"":{""cur"":840,""min"":""unspecified"",""max"":30000,""max_strict"":""false""},""yr"":{""min"":2022,""max"":""unspecified""},""mi"":{""max"":45000,""qual"":[""unspecified""]},""owners"":""unspecified""},""ps"":{""rel_pri"":""performance_first"",""clr"":[""tan""]},""lc"":{""cty"":""unspecified"",""st"":""unspecified"",""rad"":""unspecified""}}<END_JSON>",complete
96,"I'm shopping for a wagon (not a convertible). I want a mild hybrid with RWD drivetrain and other transmission. I'd rather stay in the high 20s. it has to have rear parking sensors, third row seating; I'd like remote start, apple carplay if possible; but skip memory seats. Use: at least 5 seats, I haul gear. Prefer 2021 or newer.","{""mk"":[""unspecified""],""md"":[""unspecified""],""tr"":""unspecified"",""vt"":{""inc"":[""wagon""],""exc"":[""convertible""]},""cp"":{""seat_min"":5,""kids"":""unspecified"",""pets"":""unspecified"",""cargo_pri"":""high"",""cargo_fx"":{""hatch"":""unspecified"",""foldflat"":""true""}},""iu"":{""tags"":[""commute"",""pleasure""]},""pd"":{""tx"":""other"",""dt"":""RWD"",""pt"":[""mild_hybrid""],""fe_pri"":""medium""},""fa"":{""must"":[""rear_parking_sensors"",""third_row_seating""],""nice"":[""remote_start"",""apple_carplay""],""avoid"":[""memory_seats""]},""oc"":{""bud"":{""cur"":840,""min"":26000,""max"":29000,""max_strict"":""false""},""yr"":{""min"":2021,""max"":""unspecified""},""mi"":{""max"":""unspecified"",""qual"":[""unspecified""]},""owners"":""unspecified""},""ps"":{""rel_pri"":""performance_first"",""clr"":[""green"",""burgundy""]},""lc"":{""cty"":""unspecified"",""st"":""unspecified"",""rad"":""unspecified""}}<END_JSON>",complete
97,"I'm shopping for a van. I want a plug-in hybrid with 4WD drivetrain and any transmission. around thirty grand, ideally a little under. it has to have adaptive cruise control, heated steering wheel; I'd like tow package, remote start if possible; but skip panoramic roof, blind spot monitoring. Use: at least 5 seats, some cargo space matters.","{""mk"":[""unspecified""],""md"":[""unspecified""],""tr"":""unspecified"",""vt"":{""inc"":[""van""],""exc"":[""unspecified""]},""cp"":{""seat_min"":5,""kids"":""unspecified"",""pets"":""unspecified"",""cargo_pri"":""medium"",""cargo_fx"":{""hatch"":""unspecified"",""foldflat"":""unspecified""}},""iu"":{""tags"":[""commute"",""off_road""]},""pd"":{""tx"":""unspecified"",""dt"":""4WD"",""pt"":[""plug_in_hybrid""],""fe_pri"":""unspecified""},""fa"":{""must"":[""adaptive_cruise_control"",""heated_steering_wheel""],""nice"":[""tow_package"",""remote_start""],""avoid"":[""panoramic_roof"",""blind_spot_monitoring""]},""oc"":{""bud"":{""cur"":840,""min"":""unspecified"",""max"":30000,""max_strict"":""false""},""yr"":{""min"":""unspecified"",""max"":""unspecified""},""mi"":{""max"":""unspecified"",""qual"":[""unspecified""]},""owners"":""unspecified""},""ps"":{""rel_pri"":""balanced"",""clr"":[""orange""]},""lc"":{""cty"":""unspecified"",""st"":""unspecified"",""rad"":""unspecified""}}<END_JSON>",complete
98,"I'm shopping for a sedan. I want gas with AWD drivetrain and automatic transmission. $30k-ish, but I'd love closer to $27k. it has to have wireless charging; I'd like heated steering wheel if possible; but skip rear parking sensors, ventilated seats. Use: at least 5 seats. If possible, Jeep Wrangler. Keep it under 90000 miles.","{""mk"":[""Jeep""],""md"":[""Wrangler""],""tr"":""unspecified"",""vt"":{""inc"":[""sedan""],""exc"":[""unspecified""]},""cp"":{""seat_min"":5,""kids"":""unspecified"",""pets"":""unspecified"",""cargo_pri"":""unspecified"",""cargo_fx"":{""hatch"":""true"",""foldflat"":""true""}},""iu"":{""tags"":[""off_road"",""budget_value"",""pleasure""]},""pd"":{""tx"":""automatic"",""dt"":""AWD"",""pt"":[""gas""],""fe_pri"":""high""},""fa"":{""must"":[""wireless_charging""],""nice"":[""heated_steering_wheel""],""avoid"":[""rear_parking_sensors"",""ventilated_seats""]},""oc"":{""bud"":{""cur"":840,""min"":""unspecified"",""max"":30000,""max_strict"":""false""},""yr"":{""min"":""unspecified"",""max"":""unspecified""},""mi"":{""max"":90000,""qual"":[""unspecified""]},""owners"":""unspecified""},""ps"":{""rel_pri"":""luxury_ok"",""clr"":[""tan""]},""lc"":{""cty"":""unspecified"",""st"":""unspecified"",""rad"":""unspecified""}}<END_JSON>",complete
99,"I'm shopping for a hatchback (not a van). I want a plug-in hybrid with RWD drivetrain and automatic transmission. hard cap at $30k. it has to have lane departure warning, adaptive cruise control; I'd like blind spot monitoring, bluetooth if possible; but skip backup camera. Use: I care about handling and acceleration. Try for 2022+ and under 60000 miles.","{""mk"":[""unspecified""],""md"":[""unspecified""],""tr"":""unspecified"",""vt"":{""inc"":[""hatchback""],""exc"":[""van""]},""cp"":{""seat_min"":""unspecified"",""kids"":""unspecified"",""pets"":""unspecified"",""cargo_pri"":""unspecified"",""cargo_fx"":{""hatch"":""unspecified"",""foldflat"":""false""}},""iu"":{""tags"":[""work_light"",""performance""]},""pd"":{""tx"":""automatic"",""dt"":""RWD"",""pt"":[""plug_in_hybrid""],""fe_pri"":""unspecified""},""fa"":{""must"":[""lane_departure_warning"",""adaptive_cruise_control""],""nice"":[""blind_spot_monitoring"",""bluetooth""],""avoid"":[""backup_camera""]},""oc"":{""bud"":{""cur"":840,""min"":""unspecified"",""max"":30000,""max_strict"":""true""},""yr"":{""min"":2022,""max"":""unspecified""},""mi"":{""max"":60000,""qual"":[""unspecified""]},""owners"":""unspecified""},""ps"":{""rel_pri"":""performance_first"",""clr"":[""blue""]},""lc"":{""cty"":""unspecified"",""st"":""unspecified"",""rad"":""unspecified""}}<END_JSON>",complete
100,"I'm shopping for a truck (not a wagon). I want electric with AWD drivetrain and any transmission. between $26k and $32k. it has to have built in navigation, remote start; I'd like backup camera, bluetooth if possible; but skip sunroof. Use: general daily driving. Try for 2021+ and under 60000 miles.","{""mk"":[""unspecified""],""md"":[""unspecified""],""tr"":""unspecified"",""vt"":{""inc"":[""truck""],""exc"":[""wagon""]},""cp"":{""seat_min"":""unspecified"",""kids"":""unspecified"",""pets"":""unspecified"",""cargo_pri"":""unspecified"",""cargo_fx"":{""hatch"":""true"",""foldflat"":""false""}},""iu"":{""tags"":[""off_road"",""commute""]},""pd"":{""tx"":""unspecified"",""dt"":""AWD"",""pt"":[""electric""],""fe_pri"":""medium""},""fa"":{""must"":[""built_in_navigation"",""remote_start""],""nice"":[""backup_camera"",""bluetooth""],""avoid"":[""sunroof""]},""oc"":{""bud"":{""cur"":840,""min"":26000,""max"":32000,""max_strict"":""true""},""yr"":{""min"":2021,""max"":""unspecified""},""mi"":{""max"":60000,""qual"":[""unspecified""]},""owners"":""unspecified""},""ps"":{""rel_pri"":""luxury_ok"",""clr"":[""gold"",""green""]},""lc"":{""cty"":""unspecified"",""st"":""unspecified"",""rad"":""unspecified""}}<END_JSON>",complete
